id,speaker,scene,primary_emotion,secondary_emotion,polarity,introspection,temper,attitude,sensitivity,words
1,JORDAN,1,,,,,,,,8
3,JORDAN,1,,,,,,,,2
5,JORDAN,1,ecstasy,,0.774,0.975,0.573,,,23
10,JORDAN,1,,loathing,-0.03,-0.966,0.834,-0.821,,11
18,JORDAN,1,serenity,,0.221,,0.221,,,6
44,JORDAN,1,ecstasy,,0.759,0.928,0.376,0.804,,4
297,JORDAN,1,grief,loathing,-0.84,-0.908,,-0.771,,4
300,JORDAN,1,ecstasy,,0.759,0.928,0.376,0.804,,4
372,JORDAN,1,ecstasy,,0.823,0.871,0.745,0.804,,7
379,JORDAN,1,grief,loathing,-0.893,-0.966,,-0.821,,12
392,JORDAN,1,,,,,,,,8
587,JORDAN,1,grief,loathing,-0.281,-0.317,,-0.246,,9
650,JORDAN,2,dislike,,-0.323,,,-0.323,,13
653,JORDAN,2,ecstasy,bliss,0.851,0.994,0.709,,,4
654,JORDAN,2,,,0.011,0.065,0.709,-0.793,,5
656,JORDAN,2,grief,loathing,-0.241,-0.887,0.925,-0.762,,15
660,JORDAN,2,ecstasy,delight,0.287,0.107,0.314,0.349,0.877,105
780,JORDAN,2,,,,,,,,2
786,JORDAN,2,,,0.172,-0.029,,0.253,,12
788,JORDAN,2,ecstasy,delight,0.467,0.908,0.376,0.804,-0.485,12
2,LEONARD,1,,,0.741,,,0.587,0.895,12
9,LEONARD,1,,,0.417,0.218,,-0.701,0.882,15
16,LEONARD,1,calmness,,0.479,,0.479,,,7
652,LEONARD,2,,,-0.315,-0.285,-0.021,-0.313,,22
655,LEONARD,2,ecstasy,delight,0.871,0.956,0.709,0.773,0.876,25
657,LEONARD,2,enthusiasm,delight,0.757,0.644,,0.659,0.976,17
659,LEONARD,2,,,0.048,-0.046,0.242,-0.336,0.812,21
735,LEONARD,2,ecstasy,calmness,0.683,0.991,0.376,,,4
737,LEONARD,2,ecstasy,calmness,0.683,0.991,0.376,,,4
739,LEONARD,2,ecstasy,calmness,0.683,0.991,0.376,,,4
741,LEONARD,2,ecstasy,calmness,0.683,0.991,0.376,,,4
1288,LEONARD,4,grief,loathing,-0.295,-0.329,0.745,-0.765,,17
1290,LEONARD,4,ecstasy,calmness,0.683,0.991,0.376,,,4
1326,LEONARD,4,ecstasy,calmness,0.683,0.991,0.376,,,4
1328,LEONARD,4,ecstasy,calmness,0.683,0.991,0.376,,,4
1353,LEONARD,4,,,,,,,,5
1361,LEONARD,4,grief,loathing,-0.84,-0.908,,-0.771,,7
1442,LEONARD,4,ecstasy,enthusiasm,0.75,0.831,,,0.668,10
1444,LEONARD,4,,,0.507,0.994,0.465,0.105,,12
1446,LEONARD,4,serenity,acceptance,0.163,,0.221,0.105,,10
1448,LEONARD,4,,,,,,,,5
1450,LEONARD,4,joy,bliss,0.634,0.592,0.676,,,9
1452,LEONARD,4,ecstasy,calmness,0.683,0.991,0.376,,,4
4,TOMPSON,1,enthusiasm,,0.89,,,,0.89,14
6,TOMPSON,1,,,-0.301,,0.289,-0.307,-0.879,8
8,TOMPSON,1,,,0.042,-0.185,0.754,-0.135,,33
11,TOMPSON,1,,,-0.509,-0.589,-0.231,-0.81,-0.595,16
13,TOMPSON,1,,,,,,,,2
17,TOMPSON,1,,,,,,,,6
407,TOMPSON,1,ecstasy,delight,0.835,0.866,,0.804,,9
476,TOMPSON,1,,delight,0.642,0.891,0.834,0.506,,6
479,TOMPSON,1,,delight,0.841,0.866,0.848,0.804,,8
548,TOMPSON,1,ecstasy,,0.759,0.928,0.376,0.804,,4
7,MARIE,1,,,,,,,,5
12,MARIE,1,,,0.731,0.643,,0.446,0.885,21
14,MARIE,1,serenity,acceptance,0.248,0.316,0.247,0.051,0.377,15
15,MARIE,1,,,,,,,,2
511,MARIE,1,,,,,,,,4
518,MARIE,1,,,,,,,,4
544,MARIE,1,grief,loathing,-0.859,-0.975,,-0.744,,15
545,MARIE,1,,enthusiasm,0.895,0.888,,,0.875,14
19,MRS. HUNTER,1,,,0.095,-0.008,0.402,-0.68,,19
21,MRS. HUNTER,1,,,0.498,0.899,0.202,0.446,,16
23,MRS. HUNTER,1,delight,,0.919,,,0.919,,13
25,MRS. HUNTER,1,,,0.959,,0.999,0.919,,13
27,MRS. HUNTER,1,ecstasy,,0.244,0.626,-0.037,0.311,-0.027,57
29,MRS. HUNTER,1,ecstasy,,0.75,0.926,0.376,,0.769,22
31,MRS. HUNTER,1,,,,,,,,2
33,MRS. HUNTER,1,,delight,0.356,0.569,,0.444,-0.039,37
36,MRS. HUNTER,1,,,0.084,0.112,,0.055,,15
38,MRS. HUNTER,1,,,-0.206,0.037,0.376,-0.617,,15
39,MRS. HUNTER,1,,,,,,,,2
40,MRS. HUNTER,1,,loathing,0.056,-0.303,,-0.78,0.397,12
42,MRS. HUNTER,1,,bliss,0.237,0.629,0.244,,,15
45,MRS. HUNTER,1,,,0.253,0.951,-0.33,0.721,,20
47,MRS. HUNTER,1,ecstasy,delight,0.298,0.232,0.615,0.154,0.9,63
49,MRS. HUNTER,1,,fear,0.141,0.008,,,-0.374,18
51,MRS. HUNTER,1,,delight,0.188,0.875,,0.759,-0.441,9
53,MRS. HUNTER,1,ecstasy,bliss,0.81,0.876,0.745,,,12
54,MRS. HUNTER,1,,,,,,,,6
56,MRS. HUNTER,1,,delight,0.314,-0.436,0.724,0.723,,22
58,MRS. HUNTER,1,,,0.104,-0.458,0.132,-0.049,0.936,47
60,MRS. HUNTER,1,grief,loathing,-0.378,-0.895,,-0.341,,25
62,MRS. HUNTER,1,,,0.054,0.328,0.297,-0.26,0.924,32
64,MRS. HUNTER,1,,acceptance,0.527,0.179,,0.138,0.895,14
66,MRS. HUNTER,1,,,-0.084,0.629,0.672,-0.744,-0.895,7
68,MRS. HUNTER,1,,,-0.008,-0.006,,-0.789,0.769,7
70,MRS. HUNTER,1,,,,,,,,8
74,MRS. HUNTER,1,anger,,-0.571,,-0.571,,,6
76,MRS. HUNTER,1,loathing,,-0.914,,,-0.914,,9
78,MRS. HUNTER,1,grief,loathing,-0.173,-0.167,-0.66,-0.171,-0.248,44
81,MRS. HUNTER,1,,,,,,,,4
83,MRS. HUNTER,1,,bliss,0.855,0.876,0.745,,0.899,21
85,MRS. HUNTER,1,,bliss,-0.146,-0.157,0.672,,,10
87,MRS. HUNTER,1,enthusiasm,,0.892,,,,0.892,12
89,MRS. HUNTER,1,ecstasy,,0.405,0.407,,0.623,0.381,32
91,MRS. HUNTER,1,grief,,-0.111,-0.564,-0.085,-0.055,0.336,56
94,MRS. HUNTER,1,,,0.58,0.862,0.36,0.015,0.832,16
96,MRS. HUNTER,1,,,0.506,,0.267,0.427,0.904,15
102,MRS. HUNTER,1,joy,bliss,0.651,0.629,0.672,,,5
109,MRS. HUNTER,1,,enthusiasm,0.164,0.554,-0.571,,0.769,11
115,MRS. HUNTER,1,ecstasy,delight,0.365,0.461,,0.353,0.31,42
117,MRS. HUNTER,1,,,,,,,,4
119,MRS. HUNTER,1,grief,loathing,-0.156,-0.292,0.124,-0.243,0.067,41
122,MRS. HUNTER,1,ecstasy,delight,0.631,0.566,,0.435,0.976,21
124,MRS. HUNTER,1,,,0.532,0.964,0.253,0.455,,8
126,MRS. HUNTER,1,serenity,acceptance,0.172,,0.253,0.091,,3
128,MRS. HUNTER,1,,,,,,,,2
130,MRS. HUNTER,1,,,,,,,,6
132,MRS. HUNTER,1,serenity,,0.216,,0.216,,,6
135,MRS. HUNTER,1,ecstasy,,0.698,0.937,0.376,0.681,0.416,23
138,MRS. HUNTER,1,grief,loathing,-0.325,-0.281,0.376,-0.742,,15
142,MRS. HUNTER,1,grief,loathing,-0.264,-0.244,,-0.284,,15
144,MRS. HUNTER,1,,,,,,,,10
146,MRS. HUNTER,1,anger,,-0.011,,-0.586,-0.389,0.273,35
148,MRS. HUNTER,1,ecstasy,,0.427,0.946,-0.205,0.127,0.786,33
151,MRS. HUNTER,1,,serenity,0.304,0.275,0.134,-0.217,0.924,11
153,MRS. HUNTER,1,,,-0.03,-0.021,,-0.039,,13
156,MRS. HUNTER,1,ecstasy,delight,0.839,0.861,,0.817,,11
158,MRS. HUNTER,1,,loathing,-0.046,0.013,0.56,-0.771,,12
163,MRS. HUNTER,1,enthusiasm,,0.135,-0.672,0.253,-0.329,0.895,34
167,MRS. HUNTER,1,grief,fear,-0.662,-0.935,,,-0.389,6
169,MRS. HUNTER,1,,,-0.34,-0.436,,-0.243,,11
171,MRS. HUNTER,1,,enthusiasm,0.702,0.904,,0.611,0.682,29
173,MRS. HUNTER,1,enthusiasm,,0.946,,,,0.946,4
177,MRS. HUNTER,1,ecstasy,,0.306,0.896,-0.93,-0.726,0.769,9
182,MRS. HUNTER,1,,enthusiasm,-0.052,0.862,,-0.919,0.769,10
186,MRS. HUNTER,1,ecstasy,delight,0.907,0.995,,0.819,,10
189,MRS. HUNTER,1,,,0.445,,0.479,0.428,,26
195,MRS. HUNTER,1,,,,,,,,2
198,MRS. HUNTER,1,,,,,,,,2
204,MRS. HUNTER,1,,,,,,,,8
206,MRS. HUNTER,1,ecstasy,delight,0.563,0.562,,0.279,0.942,49
208,MRS. HUNTER,1,,,,,,,,2
210,MRS. HUNTER,1,joy,bliss,0.651,0.629,0.672,,,2
212,MRS. HUNTER,1,,,,,,,,2
214,MRS. HUNTER,1,,,,,,,,2
216,MRS. HUNTER,1,serenity,pleasantness,0.34,,0.317,0.363,,2
219,MRS. HUNTER,1,,,0.179,-0.031,0.221,-0.043,0.817,12
221,MRS. HUNTER,1,pleasantness,,0.423,,,0.423,,10
226,MRS. HUNTER,1,,bliss,0.731,0.752,0.709,,,27
228,MRS. HUNTER,1,ecstasy,delight,0.502,0.737,,0.297,0.053,38
230,MRS. HUNTER,1,ecstasy,delight,0.24,0.297,,0.772,,28
235,MRS. HUNTER,1,,,,,,,,10
238,MRS. HUNTER,1,ecstasy,calmness,0.671,0.947,0.395,,,8
364,MRS. HUNTER,1,,,0.211,0.028,,0.185,0.66,19
366,MRS. HUNTER,1,,,,,,,,5
368,MRS. HUNTER,1,,delight,0.871,0.924,,0.707,0.926,11
370,MRS. HUNTER,1,,,-0.325,,0.486,-0.402,-0.98,15
374,MRS. HUNTER,1,ecstasy,,0.374,0.933,0.056,,0.957,27
376,MRS. HUNTER,1,,,,,,,,6
381,MRS. HUNTER,1,ecstasy,,0.26,0.101,0.745,-0.012,0.957,17
383,MRS. HUNTER,1,acceptance,,0.261,,,0.261,,3
385,MRS. HUNTER,1,grief,loathing,-0.296,-0.29,,-0.805,0.703,11
387,MRS. HUNTER,1,enthusiasm,,0.891,,,,0.891,13
389,MRS. HUNTER,1,enthusiasm,delight,0.881,,,0.817,0.909,8
391,MRS. HUNTER,1,,,0.529,,-0.264,0.711,0.957,28
424,MRS. HUNTER,1,,,,,,,,4
426,MRS. HUNTER,1,,,-0.068,0.204,,-0.613,,20
428,MRS. HUNTER,1,,,-0.002,,,0.001,-0.004,18
430,MRS. HUNTER,1,ecstasy,delight,0.862,0.903,,0.721,,19
432,MRS. HUNTER,1,,loathing,-0.025,-0.966,,-0.001,,13
436,MRS. HUNTER,1,,,,,,,,7
439,MRS. HUNTER,1,grief,,-0.916,-0.916,,,,10
446,MRS. HUNTER,1,,bliss,0.735,0.768,0.745,,,10
454,MRS. HUNTER,1,grief,loathing,-0.893,-0.966,,-0.821,,8
457,MRS. HUNTER,1,,,0.251,0.048,,0.25,,38
460,MRS. HUNTER,1,grief,delight,-0.018,-0.306,,0.806,0.942,34
462,MRS. HUNTER,1,disgust,,-0.446,,,-0.446,,9
466,MRS. HUNTER,1,ecstasy,,0.361,0.19,0.416,-0.118,0.95,56
467,MRS. HUNTER,1,,,0.41,,,0.41,,14
469,MRS. HUNTER,1,enthusiasm,,0.308,,,-0.043,0.325,14
471,MRS. HUNTER,1,,,,,,,,4
473,MRS. HUNTER,1,,calmness,0.241,0.991,0.376,,0.02,25
475,MRS. HUNTER,1,,,,,,,,4
478,MRS. HUNTER,1,,loathing,0.349,0.034,,-0.778,0.942,16
480,MRS. HUNTER,1,,calmness,0.789,0.991,0.376,,0.895,9
481,MRS. HUNTER,1,,,,,,,,5
484,MRS. HUNTER,1,,loathing,0.016,-0.853,0.848,-0.778,,18
486,MRS. HUNTER,1,,,,,,,,13
490,MRS. HUNTER,1,,,-0.595,,-0.947,-0.243,,7
492,MRS. HUNTER,1,,,0.334,,,-0.228,0.895,17
499,MRS. HUNTER,1,ecstasy,delight,0.517,0.444,,0.792,0.895,15
501,MRS. HUNTER,1,,,,,,,,7
509,MRS. HUNTER,1,ecstasy,calmness,0.144,0.32,0.339,-0.77,,26
517,MRS. HUNTER,1,,,,,,,,5
521,MRS. HUNTER,1,ecstasy,enthusiasm,0.848,0.888,,,0.807,8
526,MRS. HUNTER,1,,delight,0.871,0.99,0.848,0.795,,9
531,MRS. HUNTER,1,ecstasy,enthusiasm,0.892,0.981,,,0.803,3
537,MRS. HUNTER,1,,acceptance,0.204,0.281,0.193,0.06,,17
539,MRS. HUNTER,1,serenity,acceptance,0.541,0.961,0.421,0.097,0.957,27
543,MRS. HUNTER,1,ecstasy,enthusiasm,0.892,0.981,,,0.803,2
547,MRS. HUNTER,1,,,,,,,,6
552,MRS. HUNTER,1,,delight,0.849,0.928,,0.817,,21
554,MRS. HUNTER,1,,,,,,,,16
556,MRS. HUNTER,1,,enthusiasm,0.542,0.888,,,0.528,13
557,MRS. HUNTER,1,,,,,,,,3
559,MRS. HUNTER,1,grief,loathing,-0.833,-0.918,,-0.748,,5
561,MRS. HUNTER,1,serenity,acceptance,0.122,,0.202,0.042,,2
563,MRS. HUNTER,1,,bliss,0.876,0.876,0.745,,0.942,9
565,MRS. HUNTER,1,serenity,acceptance,0.122,,0.202,0.042,,2
566,MRS. HUNTER,1,,,,,,,,6
571,MRS. HUNTER,1,enthusiasm,,0.909,,,,0.909,22
573,MRS. HUNTER,1,ecstasy,,0.369,0.887,0.745,0.127,,34
575,MRS. HUNTER,1,acceptance,,0.261,,,0.261,,5
577,MRS. HUNTER,1,,,,,,,,6
581,MRS. HUNTER,1,ecstasy,,0.865,0.953,,0.806,0.746,13
582,MRS. HUNTER,1,,bliss,0.519,0.994,0.587,0.241,,13
584,MRS. HUNTER,1,enthusiasm,,0.957,,,,0.957,10
589,MRS. HUNTER,1,enthusiasm,loathing,0.182,-0.099,,-0.16,0.494,33
603,MRS. HUNTER,2,grief,loathing,-0.893,-0.929,,-0.821,,14
605,MRS. HUNTER,2,,,0.136,-0.946,0.183,-0.127,0.957,11
616,MRS. HUNTER,2,ecstasy,enthusiasm,0.711,0.953,0.594,0.613,0.754,44
618,MRS. HUNTER,2,loathing,,-0.977,,,-0.977,,20
623,MRS. HUNTER,2,,bliss,0.671,0.587,0.673,,,16
732,MRS. HUNTER,2,,,,,,,,12
745,MRS. HUNTER,2,,,-0.645,-0.966,-0.396,-0.821,,18
760,MRS. HUNTER,2,ecstasy,enthusiasm,0.842,0.903,,,0.78,6
765,MRS. HUNTER,2,,loathing,0.185,-0.301,0.161,-0.186,0.926,29
769,MRS. HUNTER,2,ecstasy,delight,0.712,0.928,0.486,0.632,,28
799,MRS. HUNTER,2,ecstasy,,0.613,0.869,0.745,0.701,0.248,11
1206,MRS. HUNTER,4,,fear,0.038,-0.589,,0.546,-0.353,7
1208,MRS. HUNTER,4,,bliss,0.521,0.876,0.745,0.159,0.957,12
1209,MRS. HUNTER,4,ecstasy,delight,0.81,0.891,,0.73,,2
1211,MRS. HUNTER,4,,fear,0.148,,-0.66,,0.148,12
1213,MRS. HUNTER,4,,,-0.144,-0.027,0.4,0.397,,11
1214,MRS. HUNTER,4,,,,,,,,7
1216,MRS. HUNTER,4,enthusiasm,anger,0.097,,-0.358,-0.774,0.897,29
1227,MRS. HUNTER,4,,acceptance,0.087,0.623,0.007,-0.19,,25
1231,MRS. HUNTER,4,grief,,0.205,-0.206,0.499,0.225,0.355,62
1234,MRS. HUNTER,4,,enthusiasm,0.283,-0.003,,,0.851,8
1236,MRS. HUNTER,4,,,-0.019,0.039,0.486,-0.082,0.672,32
1240,MRS. HUNTER,4,,,0.579,,,0.201,0.957,7
1250,MRS. HUNTER,4,enthusiasm,,0.959,,,,0.959,13
1252,MRS. HUNTER,4,enthusiasm,,0.957,,,,0.957,9
1255,MRS. HUNTER,4,grief,,0.003,-0.277,-0.825,-0.056,0.895,16
1258,MRS. HUNTER,4,enthusiasm,,0.711,0.587,,0.475,0.868,24
1260,MRS. HUNTER,4,,,0.476,0.953,0.271,0.351,,31
1264,MRS. HUNTER,4,,,,,,,,9
1265,MRS. HUNTER,4,ecstasy,,0.936,0.936,,,,11
1267,MRS. HUNTER,4,ecstasy,delight,0.917,0.947,0.959,0.784,,22
1270,MRS. HUNTER,4,ecstasy,delight,0.54,0.856,0.124,0.379,0.909,48
20,BLANCHE,1,,acceptance,0.397,0.599,0.334,0.093,0.664,12
24,BLANCHE,1,grief,loathing,-0.819,-0.845,,-0.792,,11
26,BLANCHE,1,,,,,,,,5
34,BLANCHE,1,,,0.808,,,0.659,0.957,10
37,BLANCHE,1,bliss,,0.914,,0.914,,,13
43,BLANCHE,1,contentment,,0.247,0.247,,,,4
46,BLANCHE,1,,,,,,,,2
48,BLANCHE,1,grief,terror,-0.802,-0.861,,,-0.744,9
59,BLANCHE,1,,,0.805,0.805,,0.767,,7
63,BLANCHE,1,ecstasy,calmness,0.683,0.991,0.376,,,2
72,BLANCHE,1,ecstasy,delight,0.816,0.924,,0.707,,9
92,BLANCHE,1,,,,,,,,2
98,BLANCHE,1,grief,loathing,-0.866,-0.945,,-0.787,,13
99,BLANCHE,1,sadness,disgust,-0.408,-0.448,,-0.369,,2
111,BLANCHE,1,,,0.546,0.285,,0.453,0.994,13
113,BLANCHE,1,ecstasy,delight,0.365,0.604,0.422,0.204,-0.479,51
121,BLANCHE,1,fear,,-0.479,,,,-0.479,7
129,BLANCHE,1,,,,,,,,2
147,BLANCHE,1,,,,,,,,2
149,BLANCHE,1,ecstasy,,0.376,0.59,0.745,0.244,0.202,28
154,BLANCHE,1,,,,,,,,3
157,BLANCHE,1,ecstasy,delight,0.839,0.861,,0.817,,7
159,BLANCHE,1,,,,,,,,7
174,BLANCHE,1,ecstasy,enthusiasm,0.873,0.896,,,0.769,8
180,BLANCHE,1,,,0.751,0.906,,0.642,0.775,33
200,BLANCHE,1,,delight,0.67,0.904,,0.647,0.61,13
201,BLANCHE,1,ecstasy,delight,0.845,0.989,,0.701,,6
211,BLANCHE,1,,acceptance,0.697,,0.623,0.082,0.942,5
232,BLANCHE,1,ecstasy,delight,0.822,0.933,,0.712,,10
234,BLANCHE,1,,,0.484,,0.318,0.372,0.873,32
236,BLANCHE,1,ecstasy,delight,0.412,0.432,,0.392,,20
240,BLANCHE,1,ecstasy,bliss,0.691,0.947,0.677,0.304,,22
245,BLANCHE,1,,,-0.074,0.058,0.376,-0.789,,9
247,BLANCHE,1,,bliss,0.364,0.876,0.647,-0.818,-0.98,39
249,BLANCHE,1,grief,loathing,-0.349,-0.908,0.632,-0.771,,20
251,BLANCHE,1,,,,,,,,10
253,BLANCHE,1,,,0.261,0.42,-0.022,0.252,,65
255,BLANCHE,1,,,,,,,,7
257,BLANCHE,1,,,,,,,,7
259,BLANCHE,1,,delight,0.275,-0.008,,0.224,0.994,12
261,BLANCHE,1,dislike,,-0.233,,,-0.233,,2
263,BLANCHE,1,sadness,disgust,-0.408,-0.448,,-0.369,,2
265,BLANCHE,1,ecstasy,,0.308,0.946,-0.991,0.315,0.331,38
267,BLANCHE,1,,delight,-0.077,0.951,-0.99,0.721,,16
269,BLANCHE,1,disgust,,-0.659,,,-0.659,,7
271,BLANCHE,1,,acceptance,-0.255,,0.183,-0.271,,10
273,BLANCHE,1,,,0.255,0.106,,0.248,0.126,42
275,BLANCHE,1,,,-0.138,-0.938,,-0.104,0.66,14
277,BLANCHE,1,ecstasy,enthusiasm,0.499,0.577,0.376,0.66,0.675,39
279,BLANCHE,1,serenity,acceptance,-0.202,,0.205,-0.239,,15
281,BLANCHE,1,,,0.528,0.876,0.51,0.173,0.512,25
287,BLANCHE,1,ecstasy,delight,0.816,0.924,,0.707,,3
289,BLANCHE,1,dislike,,-0.233,,,-0.233,,2
292,BLANCHE,1,ecstasy,delight,0.262,0.285,0.777,0.076,0.294,25
294,BLANCHE,1,sadness,disgust,-0.408,-0.448,,-0.369,,11
299,BLANCHE,1,grief,loathing,-0.29,-0.314,0.745,-0.771,,7
302,BLANCHE,1,,,0.008,0.216,-0.113,-0.17,0.1,13
304,BLANCHE,1,,pleasantness,0.043,,0.261,0.075,,10
307,BLANCHE,1,sadness,disgust,-0.408,-0.448,,-0.369,,2
309,BLANCHE,1,,loathing,0.072,0.006,0.339,-0.171,0.734,21
311,BLANCHE,1,,,0.396,0.354,0.376,0.248,0.809,49
313,BLANCHE,1,,bliss,0.735,0.876,0.745,0.659,,13
585,BLANCHE,1,,,-0.054,-0.024,0.745,-0.348,,15
586,BLANCHE,1,,,0.014,0.042,,-0.014,,12
590,BLANCHE,1,disgust,,-0.446,,,-0.446,,8
592,BLANCHE,1,calmness,,0.185,-0.874,0.461,-0.356,,31
594,BLANCHE,1,,,0.385,0.872,-0.113,0.452,0.515,46
596,BLANCHE,1,,acceptance,0.192,,0.202,0.151,,9
598,BLANCHE,1,,,0.645,0.632,,0.659,,7
611,BLANCHE,2,grief,,-0.893,-0.893,,,,9
614,BLANCHE,2,,delight,0.245,-0.057,-0.825,0.689,0.945,41
621,BLANCHE,2,enthusiasm,,0.957,,,,0.957,11
622,BLANCHE,2,,bliss,0.562,0.401,0.653,,,11
627,BLANCHE,2,grief,loathing,-0.45,-0.908,,-0.771,0.329,9
633,BLANCHE,2,grief,loathing,-0.831,-0.986,,-0.675,,19
638,BLANCHE,2,ecstasy,,0.407,0.406,,0.228,,14
642,BLANCHE,2,,,-0.322,-0.867,0.274,-0.347,,11
643,BLANCHE,2,,,0.308,,0.308,,,8
644,BLANCHE,2,,,0.875,0.9,0.851,,,17
717,BLANCHE,2,,loathing,-0.667,-0.436,,-0.818,-0.98,17
719,BLANCHE,2,ecstasy,,0.679,0.678,0.709,0.426,0.925,35
721,BLANCHE,2,,,0.297,-0.635,0.632,,0.895,8
723,BLANCHE,2,,loathing,-0.821,-0.923,,-0.744,-0.875,9
725,BLANCHE,2,,,,,,,,9
727,BLANCHE,2,grief,,-0.014,-0.046,-0.665,-0.011,0.682,24
729,BLANCHE,2,disgust,,-0.214,0.064,0.073,-0.118,-0.727,33
731,BLANCHE,2,joy,,0.66,0.66,,,,6
733,BLANCHE,2,,,0.141,0.271,0.279,-0.129,,14
744,BLANCHE,2,,,,,,,,6
749,BLANCHE,2,ecstasy,delight,0.845,0.988,,0.703,,27
751,BLANCHE,2,,delight,0.811,0.947,,0.699,0.911,36
754,BLANCHE,2,contentment,acceptance,0.064,0.267,-0.259,0.037,,5
756,BLANCHE,2,,,0.065,0.015,0.255,-0.356,0.817,12
759,BLANCHE,2,grief,loathing,-0.087,-0.306,0.227,-0.258,0.218,186
763,BLANCHE,2,,delight,0.333,0.345,0.461,0.159,0.207,46
768,BLANCHE,2,,,,,,,,8
770,BLANCHE,2,,,0.601,,,0.311,0.891,10
773,BLANCHE,2,,,-0.049,0.025,-0.66,-0.17,0.803,25
782,BLANCHE,2,,,0.24,0.271,,0.208,,22
787,BLANCHE,2,,,,,,,,2
790,BLANCHE,2,,responsiveness,0.295,,,0.008,0.512,14
804,BLANCHE,2,,,-0.214,0.889,,-0.542,-0.66,35
807,BLANCHE,2,,,,,,,,2
810,BLANCHE,2,grief,loathing,0.04,-0.908,,-0.211,0.927,11
812,BLANCHE,2,ecstasy,bliss,0.81,0.876,0.745,,,10
829,BLANCHE,2,acceptance,,0.261,,,0.261,,8
831,BLANCHE,2,,,0.687,,0.479,,0.895,14
834,BLANCHE,2,ecstasy,delight,0.862,0.928,,0.796,,7
838,BLANCHE,2,ecstasy,delight,0.479,0.655,0.267,0.422,0.311,34
840,BLANCHE,2,enthusiasm,delight,0.329,0.154,-0.119,0.293,0.793,190
842,BLANCHE,2,,,0.665,,,0.48,0.851,19
844,BLANCHE,2,dislike,,-0.24,,,-0.24,,7
846,BLANCHE,2,,,,,,,,5
849,BLANCHE,2,,,0.939,0.92,,,0.957,17
851,BLANCHE,2,serenity,acceptance,0.147,,0.183,0.112,,9
857,BLANCHE,2,ecstasy,delight,0.816,0.924,,0.707,,3
862,BLANCHE,2,enthusiasm,,0.957,,,,0.957,6
866,BLANCHE,2,,calmness,0.82,0.991,0.376,,0.957,16
870,BLANCHE,2,,,,,,,,6
873,BLANCHE,2,enthusiasm,delight,0.914,,,0.817,0.942,11
1116,BLANCHE,3,grief,loathing,0.02,-0.432,0.479,-0.124,0.556,17
1118,BLANCHE,3,acceptance,,0.269,,,0.269,,4
1120,BLANCHE,3,ecstasy,delight,0.308,0.189,0.141,0.246,0.516,72
1122,BLANCHE,3,,,-0.036,0.12,0.453,-0.1,-0.223,29
1124,BLANCHE,3,,disgust,0.274,-0.448,,-0.369,0.957,11
1126,BLANCHE,3,pleasantness,acceptance,0.533,,0.267,0.401,0.851,19
1128,BLANCHE,3,,,,,,,,7
1130,BLANCHE,3,grief,loathing,-0.893,-0.966,,-0.821,,3
1132,BLANCHE,3,,,,,,,,4
1134,BLANCHE,3,grief,loathing,-0.893,-0.966,,-0.821,,5
1136,BLANCHE,3,grief,loathing,-0.196,-0.491,-0.924,-0.202,0.158,74
1138,BLANCHE,3,,,,,,,,3
1140,BLANCHE,3,,,,,,,,2
1142,BLANCHE,3,enthusiasm,terror,0.302,-0.981,,,0.336,10
1144,BLANCHE,3,grief,,-0.254,-0.715,0.394,-0.352,-0.718,35
1146,BLANCHE,3,,,,,,,,13
1148,BLANCHE,3,,,,,,,,4
1151,BLANCHE,3,,,-0.352,-0.927,0.202,-0.342,,21
1153,BLANCHE,3,melancholy,dislike,-0.111,-0.189,,-0.032,,3
1155,BLANCHE,3,,,,,,,,5
1157,BLANCHE,3,,,0.184,,,-0.233,0.392,15
1160,BLANCHE,3,sadness,disgust,-0.408,-0.448,,-0.369,,2
1165,BLANCHE,3,,,,,,,,3
1174,BLANCHE,3,,bliss,0.433,0.966,0.724,,0.227,21
1176,BLANCHE,3,joy,loathing,0.169,0.178,0.531,0.152,-0.574,55
1178,BLANCHE,3,joy,pleasantness,0.57,0.699,0.52,0.462,0.865,148
1180,BLANCHE,3,,,,,,,,2
1183,BLANCHE,3,enthusiasm,loathing,0.319,-0.966,,-0.821,0.925,20
1185,BLANCHE,3,pleasantness,,0.546,,,0.546,,4
1188,BLANCHE,3,enthusiasm,delight,0.825,,,0.696,0.954,11
1190,BLANCHE,3,,,,,,,,10
1192,BLANCHE,3,ecstasy,bliss,0.197,0.306,0.564,0.042,-0.252,23
1195,BLANCHE,4,pleasantness,bliss,0.524,0.876,0.559,0.412,0.381,34
1197,BLANCHE,4,ecstasy,,0.263,0.288,0.745,-0.018,,21
1199,BLANCHE,4,,bliss,0.376,0.876,-0.09,0.659,0.957,20
1202,BLANCHE,4,ecstasy,delight,0.863,0.924,,0.707,0.957,14
1204,BLANCHE,4,,,,,,,,6
1207,BLANCHE,4,pleasantness,,0.546,,,0.546,,3
1212,BLANCHE,4,,,,,,,,8
1218,BLANCHE,4,ecstasy,delight,0.834,0.924,,0.744,0.927,18
1220,BLANCHE,4,pleasantness,,0.146,0.883,-0.36,0.274,-0.499,25
1222,BLANCHE,4,,,-0.029,-0.005,,0.77,-0.044,14
1224,BLANCHE,4,enthusiasm,delight,0.828,0.955,,0.778,0.859,34
1226,BLANCHE,4,,,0.162,0.082,,0.007,0.781,43
1228,BLANCHE,4,,,,,,,,4
1230,BLANCHE,4,,,,,,,,9
1232,BLANCHE,4,,,0.08,-0.966,,0.086,0.927,15
1233,BLANCHE,4,ecstasy,delight,0.578,0.924,0.188,0.477,,11
1238,BLANCHE,4,ecstasy,,0.449,0.463,0.767,0.66,0.158,14
1242,BLANCHE,4,,,,,,,,2
1244,BLANCHE,4,,,,,,,,8
1249,BLANCHE,4,ecstasy,delight,0.754,0.924,0.632,0.707,,10
1256,BLANCHE,4,,,0.175,0.923,0.086,-0.395,,9
1266,BLANCHE,4,,,0.364,,,-0.228,0.957,13
1268,BLANCHE,4,enthusiasm,delight,0.482,,,0.234,0.901,11
1269,BLANCHE,4,ecstasy,,0.904,0.904,,,,3
1272,BLANCHE,4,,,0.216,-0.029,,0.231,,14
1274,BLANCHE,4,,loathing,0.111,0.008,0.183,-0.047,0.803,28
1276,BLANCHE,4,,,,,,,,9
1278,BLANCHE,4,,,,,,,,3
1280,BLANCHE,4,,,,,,,,2
1282,BLANCHE,4,,,0.339,0.001,,-0.759,0.899,9
1284,BLANCHE,4,,acceptance,-0.4,,-0.389,0.133,,13
1286,BLANCHE,4,contentment,serenity,0.12,0.226,0.015,,,7
1289,BLANCHE,4,enthusiasm,,0.957,,,,0.957,6
1292,BLANCHE,4,,,,,,,,4
1294,BLANCHE,4,,,,,,,,4
1296,BLANCHE,4,,,0.26,-0.436,,,0.957,15
1324,BLANCHE,4,,delight,0.645,0.887,0.479,0.733,,12
1330,BLANCHE,4,,,,,,,,2
1332,BLANCHE,4,,,,,,,,2
1334,BLANCHE,4,ecstasy,,0.539,0.546,0.745,0.228,0.772,31
1336,BLANCHE,4,enthusiasm,,0.804,,,0.546,0.933,13
1339,BLANCHE,4,ecstasy,pleasantness,0.326,0.267,0.311,-0.024,,40
1341,BLANCHE,4,joy,pleasantness,0.164,0.66,0.201,0.167,-0.98,49
1343,BLANCHE,4,,delight,0.277,0.352,0.321,0.088,0.164,68
1345,BLANCHE,4,,terror,0.031,0.971,-0.988,,-0.829,21
1347,BLANCHE,4,ecstasy,enthusiasm,0.477,0.432,0.616,0.112,0.856,180
1349,BLANCHE,4,,pleasantness,0.428,0.525,0.294,0.142,0.807,56
1351,BLANCHE,4,ecstasy,,0.072,0.167,0.381,-0.015,0.225,158
1355,BLANCHE,4,ecstasy,bliss,0.81,0.876,0.745,,,12
1357,BLANCHE,4,grief,,-0.861,-0.861,,,,8
1359,BLANCHE,4,ecstasy,delight,0.684,0.964,0.316,0.551,0.703,27
1365,BLANCHE,4,acceptance,,0.261,,,0.261,,9
1372,BLANCHE,4,ecstasy,delight,0.835,0.922,,0.747,,4
1379,BLANCHE,4,,,0.178,-0.449,0.188,0.164,,19
1384,BLANCHE,4,pleasantness,,0.546,,,0.546,,7
1386,BLANCHE,4,,,0.522,0.904,0.486,0.014,0.682,14
1388,BLANCHE,4,,dislike,0.236,,-0.251,0.268,,13
1389,BLANCHE,4,pleasantness,,0.48,,,0.48,,13
1470,BLANCHE,4,sadness,disgust,-0.408,-0.448,,-0.369,,2
1472,BLANCHE,4,sadness,disgust,-0.408,-0.448,,-0.369,,2
1474,BLANCHE,4,,,0.011,0.049,,-0.028,,6
1476,BLANCHE,4,,,,,,,,2
1481,BLANCHE,4,,,,,,,,2
1483,BLANCHE,4,pleasantness,,0.546,,,0.546,,8
28,CLARA,1,rage,,-0.252,,-0.849,,0.943,13
30,CLARA,1,ecstasy,delight,0.607,0.651,0.376,0.786,0.891,46
32,CLARA,1,,acceptance,0.257,,0.324,0.136,,14
41,CLARA,1,,calmness,0.003,0.106,0.376,,,10
55,CLARA,1,,,,,,,,3
57,CLARA,1,,bliss,-0.076,0.032,0.709,-0.511,,20
65,CLARA,1,contentment,acceptance,0.034,0.456,0.709,-0.276,,18
101,CLARA,1,ecstasy,,0.517,0.992,0.494,0.383,,26
175,CLARA,1,ecstasy,bliss,0.798,0.879,0.717,,,6
179,CLARA,1,ecstasy,bliss,0.81,0.876,0.745,,,13
185,CLARA,1,enthusiasm,delight,0.901,,,0.743,0.953,7
187,CLARA,1,,,,,,,,11
190,CLARA,1,,acceptance,0.139,0.388,0.289,-0.017,,49
192,CLARA,1,,,,,,,,2
199,CLARA,1,grief,,-0.87,-0.87,,,,9
202,CLARA,1,serenity,acceptance,0.302,0.876,0.197,0.03,,23
209,CLARA,1,serenity,acceptance,0.14,,0.205,0.075,,2
217,CLARA,1,,,,,,,,5
224,CLARA,1,,,,,,,,8
233,CLARA,1,,,,,,,,9
237,CLARA,1,,,,,,,,4
239,CLARA,1,ecstasy,enthusiasm,0.877,0.972,,,0.781,4
375,CLARA,1,,,,,,,,6
377,CLARA,1,ecstasy,bliss,0.86,0.961,0.742,0.796,,20
378,CLARA,1,,,,,,,,2
384,CLARA,1,serenity,acceptance,0.122,,0.202,0.042,,2
386,CLARA,1,,dislike,0.194,-0.24,0.584,-0.152,,15
388,CLARA,1,,,,,,,,4
390,CLARA,1,,,,,,,,11
427,CLARA,1,,calmness,0.789,0.991,0.376,,0.895,10
434,CLARA,1,ecstasy,delight,0.678,0.902,0.464,0.576,0.972,17
438,CLARA,1,ecstasy,,0.812,0.855,0.745,0.795,,13
447,CLARA,1,,,0.115,0.347,,0.189,-0.061,18
456,CLARA,1,pleasantness,,0.546,,,0.546,,2
464,CLARA,1,,,0.753,0.96,,0.546,,5
474,CLARA,1,,,0.26,0.351,0.098,0.383,0.814,54
477,CLARA,1,grief,loathing,-0.8,-0.917,,-0.683,,7
485,CLARA,1,ecstasy,enthusiasm,0.877,0.972,,,0.781,15
495,CLARA,1,enthusiasm,,0.942,,,,0.942,9
510,CLARA,1,,,-0.883,-0.916,-0.849,,,15
516,CLARA,1,annoyance,flip,-0.231,,-0.231,,,9
523,CLARA,1,,loathing,-0.063,-0.836,,-0.512,0.861,19
525,CLARA,1,,,,,,,,7
536,CLARA,1,,delight,-0.062,-0.916,,0.711,0.873,17
568,CLARA,1,,loathing,-0.71,-0.853,,-0.692,,6
583,CLARA,1,ecstasy,,0.346,0.934,0.044,0.564,,22
619,CLARA,2,ecstasy,delight,0.382,0.433,0.572,0.402,0.048,34
742,CLARA,2,ecstasy,delight,0.467,0.543,0.436,0.292,0.781,37
747,CLARA,2,ecstasy,,0.055,0.141,-0.367,-0.042,0.322,29
750,CLARA,2,grief,loathing,-0.893,-0.966,,-0.821,,15
757,CLARA,2,,,0.573,0.904,,0.241,,21
761,CLARA,2,grief,,-0.052,-0.333,,-0.524,0.289,17
877,CLARA,3,ecstasy,delight,0.297,0.335,0.465,0.068,0.585,48
879,CLARA,3,ecstasy,,0.868,0.962,0.728,0.744,0.846,77
881,CLARA,3,ecstasy,bliss,0.829,0.866,0.707,0.711,0.915,53
883,CLARA,3,ecstasy,,0.184,0.919,0.705,0.061,-0.075,26
885,CLARA,3,ecstasy,acceptance,0.367,0.737,0.444,-0.038,0.41,117
887,CLARA,3,enthusiasm,,0.807,0.807,0.705,0.731,0.831,54
889,CLARA,3,,delight,0.506,0.324,0.709,0.407,0.905,27
891,CLARA,3,,delight,0.801,0.926,0.584,0.749,0.981,12
893,CLARA,3,ecstasy,,0.231,0.982,-0.266,,-0.023,8
895,CLARA,3,ecstasy,delight,0.598,0.902,0.241,0.492,0.603,34
897,CLARA,3,ecstasy,delight,0.543,0.625,0.683,0.496,0.283,71
899,CLARA,3,,,0.478,0.521,0.505,0.234,0.682,47
905,CLARA,3,ecstasy,bliss,0.876,0.923,0.754,,,3
907,CLARA,3,enthusiasm,,0.957,,,,0.957,7
910,CLARA,3,,,,,,,,8
916,CLARA,3,,,0.389,0.991,0.269,0.028,,12
918,CLARA,3,ecstasy,enthusiasm,0.892,0.981,,,0.803,4
955,CLARA,3,,bliss,0.746,0.971,0.694,0.659,,31
957,CLARA,3,enthusiasm,,0.957,,,,0.957,7
1241,CLARA,4,rage,terror,-0.343,0.214,-0.383,-0.369,-0.828,19
1246,CLARA,4,grief,loathing,-0.417,-0.855,0.317,-0.37,,16
1248,CLARA,4,,,0.366,0.965,,-0.233,,5
1251,CLARA,4,,calmness,0.82,0.991,0.376,,0.957,12
1253,CLARA,4,enthusiasm,pleasantness,0.837,0.66,,0.66,0.926,18
1254,CLARA,4,,,,,,,,5
1259,CLARA,4,enthusiasm,,0.328,-0.038,0.072,-0.002,0.942,27
1261,CLARA,4,ecstasy,delight,0.818,0.976,0.479,0.802,0.882,16
1263,CLARA,4,,delight,-0.053,-0.001,,0.681,,17
1271,CLARA,4,sadness,disgust,-0.496,-0.567,0.271,-0.318,-0.845,35
35,JESSICA,1,,,0.012,0.165,0.376,-0.66,,8
50,JESSICA,1,contentment,,0.247,0.247,,,,5
52,JESSICA,1,ecstasy,enthusiasm,0.844,0.888,,,0.8,2
61,JESSICA,1,sadness,loathing,-0.617,-0.51,,-0.723,,9
71,JESSICA,1,ecstasy,delight,0.269,0.924,,0.212,-0.868,6
120,JESSICA,1,,,,,,,,8
150,JESSICA,1,,,0.245,0.007,0.376,0.044,0.994,18
178,JESSICA,1,ecstasy,,0.284,0.925,-0.93,-0.009,0.803,18
183,JESSICA,1,ecstasy,delight,0.631,0.924,,0.558,,14
184,JESSICA,1,,,,,,,,5
188,JESSICA,1,calmness,,0.479,,0.479,,,13
193,JESSICA,1,ecstasy,delight,0.66,0.811,,0.754,0.329,13
197,JESSICA,1,,calmness,-0.093,0.06,0.376,,,10
213,JESSICA,1,,,,,,,,2
220,JESSICA,1,loathing,,-0.846,,,-0.846,,4
223,JESSICA,1,,,,,,,,8
998,JESSICA,3,grief,loathing,-0.468,-0.816,,-0.691,0.957,12
1003,JESSICA,3,,enthusiasm,0.865,0.969,,,0.799,24
1005,JESSICA,3,ecstasy,,0.851,0.915,0.649,0.72,0.957,43
1009,JESSICA,3,ecstasy,delight,0.609,0.599,0.51,0.352,0.926,27
1011,JESSICA,3,enthusiasm,calmness,0.78,0.991,0.42,0.836,0.957,37
1013,JESSICA,3,,acceptance,0.259,,0.202,-0.099,0.895,10
1017,JESSICA,3,,delight,0.116,-0.005,0.475,0.035,0.348,33
1019,JESSICA,3,,,,,,,,8
1021,JESSICA,3,,,,,,,,10
1023,JESSICA,3,enthusiasm,,0.957,,,,0.957,20
1030,JESSICA,3,ecstasy,,0.624,0.525,,-0.032,0.816,26
1032,JESSICA,3,grief,,-0.885,-0.947,,-0.826,-0.822,13
1033,JESSICA,3,enthusiasm,,0.895,,,,0.895,8
67,RUTH,1,contentment,,0.247,0.247,,,,7
69,RUTH,1,grief,loathing,-0.832,-0.874,,-0.789,,14
73,RUTH,1,,calmness,0.056,0.991,-0.097,,,10
75,RUTH,1,disgust,,-0.578,,,-0.578,,7
77,RUTH,1,,,0.333,0.304,0.724,0.485,-0.764,48
79,RUTH,1,,,,,,,,14
80,RUTH,1,,,-0.061,0.036,0.584,-0.295,,13
82,RUTH,1,ecstasy,,0.459,0.924,0.091,0.659,0.671,29
84,RUTH,1,,,,,,,,4
86,RUTH,1,,,,,,,,2
88,RUTH,1,ecstasy,,0.231,0.1,,-0.073,0.797,30
90,RUTH,1,grief,rage,-0.812,-0.92,-0.704,,,4
93,RUTH,1,ecstasy,delight,0.686,0.931,0.317,0.81,,15
95,RUTH,1,grief,,0.125,-0.055,0.398,-0.065,0.423,317
97,RUTH,1,,,0.058,0.058,0.213,0.047,0.292,100
100,RUTH,1,ecstasy,disgust,0.475,0.589,0.219,0.262,0.88,87
103,RUTH,1,ecstasy,,0.143,0.114,0.474,0.005,0.769,57
106,RUTH,1,,loathing,0.032,-0.966,,-0.821,0.957,8
108,RUTH,1,,,,,,,,6
131,RUTH,1,grief,,-0.058,-0.343,0.253,0.161,,21
134,RUTH,1,,,,,,,,3
137,RUTH,1,,,,,,,,6
140,RUTH,1,,,,,,,,22
152,RUTH,1,,,,,,,,2
161,RUTH,1,ecstasy,calmness,0.683,0.991,0.376,,,2
165,RUTH,1,ecstasy,,0.857,0.857,,,,12
166,RUTH,1,sadness,,-0.436,-0.436,,,,7
168,RUTH,1,,,0.195,0.277,0.344,0.365,,19
170,RUTH,1,pleasantness,,0.563,,,0.563,,24
172,RUTH,1,ecstasy,enthusiasm,0.816,0.862,,,0.769,3
176,RUTH,1,,,,,,,,4
181,RUTH,1,,,0.511,,0.59,0.428,0.954,8
191,RUTH,1,,,0.16,0.88,0.395,0.036,,10
194,RUTH,1,,,0.467,0.991,0.431,0.014,,7
196,RUTH,1,,acceptance,-0.057,-0.27,0.479,0.109,,24
203,RUTH,1,,,0.01,-0.018,,0.038,,13
205,RUTH,1,ecstasy,calmness,0.783,0.953,0.499,,0.957,17
207,RUTH,1,,,,,,,,2
215,RUTH,1,,,,,,,,8
218,RUTH,1,,,,,,,,2
222,RUTH,1,dislike,bliss,0.181,0.994,0.709,-0.042,,16
225,RUTH,1,,,,,,,,7
227,RUTH,1,,delight,0.71,0.899,0.317,0.812,0.957,23
229,RUTH,1,ecstasy,,0.249,0.269,0.69,0.022,,36
231,RUTH,1,enthusiasm,loathing,0.041,-0.341,,-0.741,0.45,41
241,RUTH,1,ecstasy,delight,0.784,0.897,0.745,0.681,0.851,38
243,RUTH,1,,,0.181,-0.231,0.504,-0.55,0.385,37
283,RUTH,1,delight,,0.924,,,0.924,,17
284,RUTH,1,,delight,0.511,0.919,,0.236,0.957,13
286,RUTH,1,ecstasy,,0.477,0.915,-0.505,0.16,0.828,52
288,RUTH,1,,,,,,,,4
290,RUTH,1,,,0.055,-0.023,,0.044,,34
293,RUTH,1,,,0.474,,,0.474,,12
296,RUTH,1,,,,,,,,6
298,RUTH,1,,acceptance,-0.025,,0.202,0.042,-0.172,7
600,RUTH,2,,delight,0.84,0.899,,0.802,,8
607,RUTH,2,,delight,0.21,0.241,,0.77,,16
610,RUTH,2,,,-0.276,-0.995,0.317,0.363,-0.792,6
639,RUTH,2,,enthusiasm,0.569,0.613,,,0.803,7
646,RUTH,2,grief,loathing,0.101,-0.214,,-0.048,0.788,52
648,RUTH,2,,calmness,0.789,0.991,0.376,,0.895,19
748,RUTH,2,enthusiasm,delight,0.895,,,0.819,0.972,7
772,RUTH,2,ecstasy,bliss,0.841,0.958,0.724,,,6
789,RUTH,2,grief,loathing,-0.867,-0.954,,-0.781,,3
796,RUTH,2,enthusiasm,,0.694,0.25,0.584,0.58,0.915,27
798,RUTH,2,,,,,,,,5
856,RUTH,2,,,,,,,,2
864,RUTH,2,,,,,,,,6
868,RUTH,2,,disgust,0.224,,-0.637,-0.38,0.957,16
872,RUTH,2,enthusiasm,delight,0.9,,,0.817,0.937,21
1194,RUTH,4,,calmness,0.085,0.953,0.339,0.546,-0.936,14
1196,RUTH,4,,,,,,,,8
1198,RUTH,4,,,,,,,,3
1200,RUTH,4,grief,loathing,-0.84,-0.908,,-0.771,,13
1201,RUTH,4,,,-0.025,-0.013,0.256,-0.135,,11
1203,RUTH,4,,,,,,,,2
1205,RUTH,4,,acceptance,0.45,0.97,0.474,0.166,,36
1210,RUTH,4,pleasantness,,0.546,,,0.546,,3
1215,RUTH,4,ecstasy,,0.191,0.327,0.482,0.238,0.502,20
1217,RUTH,4,serenity,acceptance,0.122,-0.308,-0.087,0.173,0.15,74
1219,RUTH,4,,acceptance,0.275,,0.188,0.017,0.362,9
1221,RUTH,4,,loathing,0.001,-0.141,0.602,-0.383,-0.066,50
1223,RUTH,4,ecstasy,calmness,0.683,0.991,0.376,,,12
1225,RUTH,4,,,0.689,0.993,0.486,0.574,,14
1229,RUTH,4,ecstasy,,0.597,0.729,0.376,0.4,0.754,14
1235,RUTH,4,,,0.014,0.027,,-0.807,0.807,11
1237,RUTH,4,,bliss,-0.073,0.06,0.709,-0.196,,10
1239,RUTH,4,ecstasy,,0.497,0.326,0.88,0.105,0.957,16
1243,RUTH,4,,loathing,-0.49,-0.934,0.232,-0.449,-0.889,16
1245,RUTH,4,,,0.184,0.213,-0.327,0.488,0.895,26
1247,RUTH,4,fear,disgust,-0.452,,,-0.361,-0.542,6
1257,RUTH,4,ecstasy,,0.409,0.537,0.518,0.243,0.289,56
1262,RUTH,4,,,-0.231,-0.094,,-0.344,-0.865,14
1273,RUTH,4,,,,,,,,2
1275,RUTH,4,ecstasy,,0.742,0.847,0.302,0.627,0.844,43
1277,RUTH,4,ecstasy,loathing,0.11,0.127,0.674,-0.258,,76
1279,RUTH,4,,calmness,-0.123,0.03,0.339,,,8
1281,RUTH,4,ecstasy,,0.374,0.406,,0.187,0.803,28
1283,RUTH,4,contentment,acceptance,0.021,0.004,,0.101,0.873,49
1285,RUTH,4,grief,,-0.598,-0.763,-0.389,-0.114,-0.726,25
1287,RUTH,4,,loathing,0.044,0.026,,-0.778,,7
1293,RUTH,4,,,,,,,,10
1298,RUTH,4,,,,,,,,10
1418,RUTH,4,serenity,acceptance,0.147,,0.183,0.112,,11
1421,RUTH,4,fear,,-0.479,,,,-0.479,5
1423,RUTH,4,,,-0.133,,,-0.113,-0.069,9
1425,RUTH,4,,,,,,,,2
1428,RUTH,4,,,,,,,,4
1430,RUTH,4,,,,,,,,2
1432,RUTH,4,loathing,,-0.852,,,-0.852,,7
1478,RUTH,4,,,,,,,,12
105,MASON,1,bliss,,0.834,,0.834,,,3
107,MASON,1,ecstasy,,0.277,0.313,0.781,-0.028,,17
110,MASON,1,acceptance,,0.261,,,0.261,,11
112,MASON,1,ecstasy,delight,0.845,0.931,,0.76,0.927,17
114,MASON,1,,delight,0.1,-0.019,,0.138,0.378,25
116,MASON,1,ecstasy,delight,0.46,0.936,-0.009,0.262,0.865,45
118,MASON,1,,,,,,,,4
123,MASON,1,,delight,0.863,0.964,0.834,0.82,,8
125,MASON,1,,acceptance,0.21,-0.436,0.253,0.091,0.895,10
127,MASON,1,contentment,,0.281,0.281,,,,4
133,MASON,1,,,,,,,,5
136,MASON,1,grief,,0.044,-0.336,0.834,-0.677,0.81,31
139,MASON,1,ecstasy,delight,0.03,0.045,0.357,0.174,-0.127,87
141,MASON,1,ecstasy,,0.845,0.936,0.745,0.763,,13
143,MASON,1,,,0.487,0.86,0.275,0.407,,9
145,MASON,1,,terror,-0.039,-0.843,,-0.233,0.089,16
155,MASON,1,,,0.863,0.888,,0.812,0.876,9
160,MASON,1,,,,,,,,14
162,MASON,1,sadness,acceptance,-0.25,-0.436,0.202,0.042,,19
164,MASON,1,ecstasy,,0.657,0.932,0.474,0.372,0.849,14
647,MASON,2,ecstasy,delight,0.644,0.957,0.67,0.539,0.47,17
649,MASON,2,,,,,,,,9
664,MASON,2,ecstasy,enthusiasm,0.892,0.981,,,0.803,2
668,MASON,2,,loathing,0.084,-0.867,,-0.749,0.976,9
671,MASON,2,,,,,,,,6
673,MASON,2,,,0.657,0.994,0.644,0.346,,7
675,MASON,2,,,-0.16,0.107,0.699,-0.78,-0.9,30
678,MASON,2,,,,,,,,9
680,MASON,2,,,,,,,,3
685,MASON,2,ecstasy,delight,0.372,0.562,,0.299,0.838,32
687,MASON,2,,,-0.081,0.024,,-0.186,,6
689,MASON,2,ecstasy,delight,0.429,0.471,-0.368,0.762,,16
691,MASON,2,ecstasy,,0.807,0.972,0.376,0.732,0.895,7
693,MASON,2,serenity,acceptance,0.172,,0.253,0.091,,9
695,MASON,2,,delight,0.712,,0.931,0.684,,3
697,MASON,2,,,,,,,,2
699,MASON,2,serenity,acceptance,-0.221,,0.205,-0.258,,12
701,MASON,2,ecstasy,,0.379,0.9,0.1,0.138,,9
703,MASON,2,,,-0.026,-0.978,0.931,-0.029,,12
705,MASON,2,,loathing,-0.124,0.025,0.252,-0.699,,16
707,MASON,2,,,0.442,0.88,0.161,0.028,0.699,20
709,MASON,2,ecstasy,,0.09,0.861,,-0.562,-0.24,17
711,MASON,2,,,,,,,,5
713,MASON,2,enthusiasm,delight,0.883,,,0.771,0.994,5
715,MASON,2,,,-0.284,0.056,-0.327,0.036,-0.9,33
776,MASON,2,serenity,acceptance,0.167,,0.255,0.078,,6
778,MASON,2,,,,,,,,2
853,MASON,2,,fear,0.205,-0.448,0.834,,-0.399,7
855,MASON,2,ecstasy,delight,0.627,0.488,,0.255,0.974,25
858,MASON,2,,delight,0.574,0.416,0.632,0.241,0.942,39
860,MASON,2,,delight,-0.089,-0.046,,0.672,,18
869,MASON,2,ecstasy,delight,0.885,0.956,,0.746,0.88,19
871,MASON,2,,,,,,,,3
901,MASON,3,,,,,,,,8
903,MASON,3,,,-0.059,0.042,0.376,-0.698,,7
908,MASON,3,grief,loathing,-0.802,-0.896,,-0.709,,8
911,MASON,3,,,0.145,0.223,0.376,-0.821,,15
915,MASON,3,,,0.775,0.683,0.54,0.919,0.957,25
922,MASON,3,enthusiasm,,0.595,-0.448,,0.224,0.947,15
924,MASON,3,delight,,0.836,,,0.836,,10
926,MASON,3,,delight,0.331,-0.436,,0.659,0.994,11
928,MASON,3,grief,loathing,-0.004,-0.157,-0.825,-0.325,-0.262,32
1420,MASON,4,,serenity,0.352,0.284,0.031,0.546,,5
1434,MASON,4,ecstasy,,0.872,0.882,0.745,,0.882,13
1436,MASON,4,,anger,-0.211,-0.034,-0.364,-0.298,-0.589,15
1437,MASON,4,,loathing,-0.012,-0.019,0.745,-0.256,,13
1438,MASON,4,bliss,,0.834,,0.834,,,5
1440,MASON,4,serenity,acceptance,0.103,,0.188,0.017,,3
242,STERLING,1,,loathing,-0.627,-0.867,,-0.598,,13
244,STERLING,1,,,0.193,0.951,-0.505,0.163,,13
246,STERLING,1,,,,,,,,12
248,STERLING,1,grief,loathing,-0.279,-0.897,,-0.721,0.891,20
250,STERLING,1,,,,,,,,8
252,STERLING,1,,,0.756,0.778,0.672,0.796,,10
254,STERLING,1,ecstasy,delight,0.042,0.146,-0.002,0.117,0.039,92
256,STERLING,1,ecstasy,bliss,0.411,0.969,0.744,,-0.479,16
258,STERLING,1,,,,,,,,10
260,STERLING,1,,,0.504,0.951,0.253,0.406,,12
262,STERLING,1,,,-0.11,0.02,-0.047,0.192,-0.731,21
264,STERLING,1,,loathing,0.032,-0.916,,-0.748,0.895,11
266,STERLING,1,,,0.225,,,-0.446,0.895,12
268,STERLING,1,,,0.112,0.002,0.308,-0.156,0.895,44
270,STERLING,1,,,0.48,0.876,0.464,0.117,,11
272,STERLING,1,,rage,0.179,0.145,-0.302,0.444,,46
274,STERLING,1,,terror,0.091,,-0.928,,0.148,14
276,STERLING,1,fear,,-0.634,,,,-0.634,7
278,STERLING,1,,enthusiasm,0.899,0.953,,,0.832,19
280,STERLING,1,,,,,,,,10
282,STERLING,1,,delight,-0.233,0.147,,-0.066,,9
285,STERLING,1,,,,,,,,7
291,STERLING,1,ecstasy,delight,0.518,0.924,0.176,0.471,,20
295,STERLING,1,,,,,,,,3
301,STERLING,1,enthusiasm,,0.609,0.876,0.453,0.441,0.942,30
303,STERLING,1,,,0.225,,,-0.446,0.895,14
305,STERLING,1,,,,,,,,6
306,STERLING,1,enthusiasm,,0.957,,,,0.957,12
308,STERLING,1,,,-0.005,0.05,0.339,-0.267,0.067,20
312,STERLING,1,,calmness,0.119,0.991,0.376,-0.446,,15
314,STERLING,1,,delight,0.827,0.958,0.834,0.684,,19
316,STERLING,1,ecstasy,delight,0.799,0.945,0.605,0.759,,13
318,STERLING,1,,loathing,-0.069,-0.017,0.706,-0.788,-0.98,21
320,STERLING,1,ecstasy,,0.92,0.92,,,,12
323,STERLING,1,,,-0.131,-0.151,-0.505,-0.166,-0.001,28
325,STERLING,1,ecstasy,bliss,0.274,0.372,0.557,-0.045,0.082,35
327,STERLING,1,,,-0.507,-0.999,,-0.261,,25
329,STERLING,1,,,0.047,0.059,,0.036,,16
331,STERLING,1,,fear,-0.535,-0.881,,-0.446,-0.369,10
333,STERLING,1,,,-0.106,-0.713,,-0.562,0.957,12
335,STERLING,1,,,,,,,,5
337,STERLING,1,dislike,,-0.248,,,-0.248,,18
339,STERLING,1,,,,,,,,2
341,STERLING,1,,,,,,,,2
343,STERLING,1,ecstasy,enthusiasm,0.764,0.846,,,0.681,7
345,STERLING,1,,,,,,,,18
347,STERLING,1,,,,,,,,6
349,STERLING,1,,,,,,,,3
351,STERLING,1,grief,loathing,-0.835,-0.938,,-0.733,,17
353,STERLING,1,serenity,acceptance,0.095,,0.161,0.028,,6
355,STERLING,1,,loathing,-0.02,,0.834,-0.748,-0.997,12
357,STERLING,1,ecstasy,delight,0.879,0.934,,0.824,,7
359,STERLING,1,,delight,0.86,0.875,,0.743,0.91,12
361,STERLING,1,fear,disgust,-0.492,,,-0.342,-0.641,13
363,STERLING,1,grief,loathing,-0.812,-0.869,,-0.755,,8
367,STERLING,1,,,,,,,,4
369,STERLING,1,ecstasy,delight,0.816,0.924,,0.707,,7
371,STERLING,1,,rage,-0.174,-0.92,-0.119,,,8
373,STERLING,1,,,,,,,,2
606,STERLING,2,,,,,,,,2
634,STERLING,2,serenity,delight,0.558,0.904,0.268,0.711,0.873,17
640,STERLING,2,pleasantness,loathing,0.199,0.002,,0.075,-0.017,23
661,STERLING,2,ecstasy,bliss,0.322,0.299,0.549,0.014,0.873,46
663,STERLING,2,enthusiasm,delight,0.392,-0.005,0.261,0.374,0.9,20
665,STERLING,2,ecstasy,delight,0.878,0.963,,0.793,,5
667,STERLING,2,pleasantness,,0.546,,,0.546,,12
669,STERLING,2,,,,,,,,6
672,STERLING,2,,,,,,,,4
674,STERLING,2,,,,,,,,2
676,STERLING,2,,,,,,,,6
679,STERLING,2,ecstasy,calmness,0.683,0.991,0.376,,,7
681,STERLING,2,ecstasy,calmness,0.683,0.991,0.376,,,4
683,STERLING,2,dislike,,-0.233,,,-0.233,,10
686,STERLING,2,,delight,0.2,-0.053,,0.047,0.903,28
716,STERLING,2,grief,loathing,-0.826,-0.948,,-0.704,,8
720,STERLING,2,,loathing,-0.524,-0.853,,-0.506,,17
722,STERLING,2,,,0.192,-0.955,0.632,-0.016,0.873,26
724,STERLING,2,,,,,,,,5
726,STERLING,2,,pleasantness,0.216,0.66,,0.216,,7
728,STERLING,2,,,,,,,,4
730,STERLING,2,,pleasantness,-0.369,,-0.346,0.389,-0.479,23
734,STERLING,2,,,,,,,,2
736,STERLING,2,ecstasy,,0.66,0.771,0.539,0.449,0.898,40
738,STERLING,2,ecstasy,,0.885,0.916,0.745,0.821,0.957,17
740,STERLING,2,,acceptance,0.281,,0.234,-0.052,0.895,10
783,STERLING,2,ecstasy,delight,0.316,0.357,-0.161,0.312,0.957,58
785,STERLING,2,serenity,acceptance,0.15,,0.183,0.117,,9
791,STERLING,2,grief,loathing,-0.867,-0.954,,-0.781,,14
793,STERLING,2,enthusiasm,,0.957,,,,0.957,6
795,STERLING,2,,,0.266,,-0.424,,0.957,22
801,STERLING,2,,,,,,,,7
803,STERLING,2,anxiety,,-0.172,,,,-0.172,11
806,STERLING,2,,,,,,,,2
809,STERLING,2,,disgust,-0.341,,-0.505,-0.313,,13
813,STERLING,2,ecstasy,bliss,0.81,0.876,0.745,,,10
815,STERLING,2,pleasantness,,0.659,,,0.659,,25
817,STERLING,2,acceptance,,0.241,,,0.241,,7
819,STERLING,2,grief,loathing,-0.906,-0.994,,-0.819,,3
822,STERLING,2,,,0.483,0.994,0.189,,0.927,16
824,STERLING,2,ecstasy,bliss,0.851,0.994,0.709,,,7
826,STERLING,2,ecstasy,,0.782,0.98,0.376,0.79,,7
830,STERLING,2,calmness,,0.479,,0.479,,,9
833,STERLING,2,,,0.038,0.039,,0.038,,8
835,STERLING,2,rage,terror,-0.815,,-0.928,,-0.702,8
837,STERLING,2,pleasantness,,0.659,,,0.659,,20
839,STERLING,2,,loathing,0.259,-0.859,,-0.037,0.315,21
841,STERLING,2,fear,,-0.441,,,,-0.441,8
843,STERLING,2,,,,,,,,15
845,STERLING,2,,,-0.054,,,-0.999,0.891,30
847,STERLING,2,,,0.237,0.888,-0.424,0.307,0.133,35
850,STERLING,2,ecstasy,bliss,0.4,0.454,0.511,-0.053,0.891,88
852,STERLING,2,ecstasy,delight,0.261,0.09,0.479,0.187,0.653,200
854,STERLING,2,,,0.494,0.924,0.253,0.399,,30
859,STERLING,2,,,,,,,,8
861,STERLING,2,pleasantness,,0.019,-0.931,0.268,0.263,-0.776,33
863,STERLING,2,,,,,,,,2
865,STERLING,2,,,-0.006,0.011,0.316,-0.344,,12
867,STERLING,2,,calmness,0.82,0.991,0.376,,0.957,7
875,STERLING,2,anger,,-0.66,,-0.66,,,3
876,STERLING,2,,,-0.279,-0.019,,-0.269,,4
1159,STERLING,3,anxiety,,-0.172,,,,-0.172,6
1162,STERLING,3,,,-0.034,-0.001,,-0.067,,12
1164,STERLING,3,,calmness,0.219,0.991,0.504,-0.659,,11
1166,STERLING,3,,loathing,0.264,,,-0.05,0.18,30
1168,STERLING,3,enthusiasm,,0.416,-0.869,,0.836,0.705,43
1170,STERLING,3,,loathing,0.053,-0.871,,-0.789,0.957,25
1172,STERLING,3,ecstasy,delight,0.837,0.942,,0.707,0.807,38
1175,STERLING,3,,delight,0.111,,,0.091,0.873,26
1177,STERLING,3,,,,,,,,5
1179,STERLING,3,,,-0.776,-0.893,-0.66,,,12
1182,STERLING,3,ecstasy,delight,0.119,0.177,-0.704,0.346,-0.669,45
1184,STERLING,3,,bliss,0.196,0.278,0.663,,,7
1186,STERLING,3,pleasantness,,0.222,,,0.222,,16
1295,STERLING,4,,disgust,-0.16,-0.924,,-0.022,,13
1297,STERLING,4,,,0.014,,,0.014,,9
1299,STERLING,4,acceptance,,0.261,,,0.261,,3
1301,STERLING,4,,,0.202,0.987,0.781,-0.115,-0.868,8
1303,STERLING,4,,,0.332,-0.011,-0.096,-0.055,0.808,40
1305,STERLING,4,fear,,-0.441,,,,-0.441,14
1307,STERLING,4,,delight,0.164,-0.288,,0.711,0.882,35
1309,STERLING,4,enthusiasm,loathing,0.064,0.02,0.376,-0.272,0.275,25
1311,STERLING,4,,,,,,,,5
1313,STERLING,4,,delight,0.841,0.889,,0.711,0.873,18
1315,STERLING,4,,,,,,,,4
1317,STERLING,4,,,0.578,,,0.261,0.895,10
1319,STERLING,4,dislike,,-0.228,,,-0.228,,6
1321,STERLING,4,grief,,-0.511,-0.955,,-0.266,-0.361,20
1323,STERLING,4,,acceptance,-0.031,0.253,0.217,-0.267,0.092,73
1325,STERLING,4,,disgust,0.276,-0.449,,-0.362,0.957,13
1327,STERLING,4,,,-0.149,-0.357,0.183,-0.303,,11
1329,STERLING,4,enthusiasm,,0.34,-0.893,,,0.957,26
1331,STERLING,4,,,,,,,,2
1333,STERLING,4,,,,,,,,2
1335,STERLING,4,serenity,acceptance,0.33,0.668,0.107,0.377,0.638,87
1337,STERLING,4,,,0.745,0.785,,0.705,,18
1338,STERLING,4,,,,,,,,2
1340,STERLING,4,ecstasy,,0.6,0.959,0.024,0.816,0.832,31
1342,STERLING,4,grief,terror,-0.787,-0.844,,,-0.731,13
1344,STERLING,4,,delight,0.86,0.875,,0.743,0.91,9
1346,STERLING,4,,,0.312,0.167,0.446,0.112,0.91,22
1348,STERLING,4,enthusiasm,delight,0.847,,,0.731,0.962,11
1350,STERLING,4,ecstasy,,0.748,0.8,0.745,,0.699,11
1352,STERLING,4,ecstasy,,0.721,0.832,0.745,0.641,0.699,41
1354,STERLING,4,acceptance,,0.261,,,0.261,,6
1356,STERLING,4,,delight,0.726,0.66,,0.711,0.873,14
1358,STERLING,4,enthusiasm,,0.849,,,,0.849,16
1360,STERLING,4,,,,,,,,5
1363,STERLING,4,fear,disgust,-0.452,,,-0.361,-0.542,10
1368,STERLING,4,,,,,,,,3
1370,STERLING,4,terror,,-0.9,,,,-0.9,7
1374,STERLING,4,dislike,,-0.239,,,-0.239,,6
1376,STERLING,4,,,,,,,,9
1382,STERLING,4,,terror,-0.153,-0.909,,0.546,-0.797,8
1391,STERLING,4,,,,,,,,2
1393,STERLING,4,enthusiasm,acceptance,0.599,,0.183,0.117,0.749,29
1395,STERLING,4,serenity,acceptance,0.103,,0.188,0.017,,9
1397,STERLING,4,,,,,,,,2
1399,STERLING,4,,,-0.03,-0.908,0.314,-0.225,0.957,42
1401,STERLING,4,enthusiasm,,0.671,0.91,0.161,0.389,0.881,22
1403,STERLING,4,,,0.382,0.66,0.188,0.339,,18
1405,STERLING,4,,,0.055,,0.003,0.108,,20
1407,STERLING,4,enthusiasm,,0.891,,,,0.891,10
1409,STERLING,4,,acceptance,-0.416,-0.999,0.255,0.078,,11
1411,STERLING,4,delight,,0.98,,,0.98,,11
1413,STERLING,4,,,,,,,,2
1415,STERLING,4,,,,,,,,2
1417,STERLING,4,ecstasy,calmness,0.683,0.991,0.376,,,2
1419,STERLING,4,,,,,,,,5
1422,STERLING,4,,,0.11,-0.318,,-0.312,0.959,14
1426,STERLING,4,,,,,,,,6
1427,STERLING,4,ecstasy,delight,0.826,0.924,,0.715,0.962,7
1429,STERLING,4,,,0.745,0.785,,0.705,,11
1431,STERLING,4,dislike,,-0.322,,,-0.322,,7
1435,STERLING,4,sadness,,-0.66,-0.66,,,,11
1439,STERLING,4,serenity,acceptance,0.103,,0.188,0.017,,9
1441,STERLING,4,ecstasy,delight,0.104,0.154,-0.136,0.191,0.673,107
1443,STERLING,4,contentment,serenity,0.092,0.165,0.02,,,10
1445,STERLING,4,enthusiasm,,0.957,,,,0.957,10
1447,STERLING,4,,,0.369,0.633,0.306,0.028,,18
1449,STERLING,4,grief,,0.094,-0.201,0.555,-0.071,-0.81,52
1451,STERLING,4,serenity,acceptance,0.095,,0.161,0.028,,6
1453,STERLING,4,grief,acceptance,0.146,-0.143,0.101,0.098,0.554,132
1455,STERLING,4,,,,,,,,2
1457,STERLING,4,,,,,,,,2
1459,STERLING,4,grief,loathing,-0.517,-0.88,0.161,-0.491,,25
1461,STERLING,4,pleasantness,loathing,0.187,-0.916,,-0.032,0.926,44
1463,STERLING,4,ecstasy,,0.673,0.913,0.464,0.419,0.895,16
1465,STERLING,4,grief,loathing,-0.303,-0.34,,-0.211,,37
1467,STERLING,4,,,0.835,0.889,,0.659,0.957,44
1469,STERLING,4,,,-0.273,-0.326,-0.161,-0.1,-0.641,41
310,WARDEN,1,,,0.014,,,0.014,,9
315,WARDEN,1,ecstasy,,0.744,0.916,,0.337,0.807,5
317,WARDEN,1,,,,,,,,5
319,WARDEN,1,ecstasy,,0.478,0.919,0.087,0.824,0.078,16
321,WARDEN,1,grief,loathing,-0.802,-0.896,,-0.709,,12
322,WARDEN,1,,,,,,,,9
324,WARDEN,1,enthusiasm,,0.895,,,,0.895,13
326,WARDEN,1,eagerness,,0.414,,,,0.414,4
328,WARDEN,1,,,0.411,0.226,0.223,0.277,0.891,18
330,WARDEN,1,grief,loathing,-0.174,-0.322,0.292,-0.179,,20
332,WARDEN,1,,,0.003,0.861,,0.021,-0.892,8
334,WARDEN,1,,disgust,0.276,-0.449,,-0.362,0.957,6
336,WARDEN,1,ecstasy,enthusiasm,0.84,0.885,,,0.794,11
338,WARDEN,1,pleasantness,,0.659,,,0.659,,12
340,WARDEN,1,enthusiasm,delight,0.76,,,0.688,0.921,19
342,WARDEN,1,,acceptance,-0.376,-0.923,0.253,0.091,,7
344,WARDEN,1,serenity,acceptance,0.172,,0.253,0.091,,5
346,WARDEN,1,loathing,,-0.958,,,-0.958,,11
348,WARDEN,1,,delight,-0.003,0.937,0.366,-0.207,0.812,70
350,WARDEN,1,serenity,,-0.306,-0.834,0.289,-0.3,,27
352,WARDEN,1,ecstasy,enthusiasm,0.437,0.923,0.253,0.255,0.168,52
354,WARDEN,1,serenity,acceptance,0.114,,0.187,0.04,,17
356,WARDEN,1,,,,,,,,4
358,WARDEN,1,,,,,,,,4
360,WARDEN,1,grief,loathing,-0.854,-0.985,,-0.723,,13
362,WARDEN,1,,disgust,0.086,0.933,0.56,-0.175,-0.314,28
365,WARDEN,1,ecstasy,bliss,0.884,0.987,0.781,,,6
380,WARDEN,1,,,0.895,,0.834,,0.957,7
382,WARDEN,1,ecstasy,enthusiasm,0.892,0.981,,,0.803,2
588,WARDEN,1,grief,loathing,-0.188,-0.463,0.834,-0.797,0.692,21
591,WARDEN,1,grief,loathing,-0.044,-0.419,0.474,-0.25,-0.253,96
593,WARDEN,1,pleasantness,,0.344,-0.096,,0.255,0.862,39
595,WARDEN,1,,,-0.655,-0.722,,-0.591,,6
597,WARDEN,1,acceptance,,-0.012,-0.84,0.183,-0.003,,20
599,WARDEN,1,ecstasy,delight,-0.011,0.133,0.234,-0.052,0.079,277
628,WARDEN,2,grief,loathing,-0.144,-0.422,,-0.119,0.848,21
630,WARDEN,2,,,0.069,0.045,0.274,0.015,,34
636,WARDEN,2,joy,pleasantness,0.66,0.66,,0.66,,34
682,WARDEN,2,,,,,,,,3
684,WARDEN,2,,,,,,,,10
688,WARDEN,2,,,,,,,,8
690,WARDEN,2,,,,,,,,7
692,WARDEN,2,terror,loathing,-0.821,,,-0.763,-0.878,5
694,WARDEN,2,ecstasy,delight,0.402,0.447,,0.223,0.682,57
696,WARDEN,2,fear,,-0.441,,,,-0.441,8
698,WARDEN,2,,acceptance,0.247,0.968,0.296,0.049,-0.542,22
700,WARDEN,2,,,0.496,0.958,0.253,0.388,,14
702,WARDEN,2,,,0.595,0.609,,0.715,0.66,12
704,WARDEN,2,,loathing,-0.014,,0.834,-0.759,-0.962,10
706,WARDEN,2,bliss,delight,0.848,,0.96,0.736,,3
708,WARDEN,2,fear,,-0.002,0.66,-0.121,0.119,-0.615,41
710,WARDEN,2,joy,pleasantness,0.66,0.66,,0.66,,10
712,WARDEN,2,ecstasy,delight,0.431,0.641,0.213,0.339,0.882,48
714,WARDEN,2,,delight,0.379,-0.023,0.436,0.328,0.994,27
775,WARDEN,2,grief,loathing,-0.402,-0.468,0.726,-0.691,,25
777,WARDEN,2,,pleasantness,-0.053,0.457,-0.322,0.365,,9
779,WARDEN,2,enthusiasm,loathing,0.251,-0.374,0.479,-0.099,0.703,76
781,WARDEN,2,joy,,0.563,0.563,,,,13
784,WARDEN,2,enthusiasm,,0.957,,,,0.957,6
792,WARDEN,2,,,,,,,,6
794,WARDEN,2,,enthusiasm,-0.052,-0.008,,,0.803,17
797,WARDEN,2,,,0.895,,0.834,,0.957,7
800,WARDEN,2,enthusiasm,,0.957,,,,0.957,5
802,WARDEN,2,,,0.244,,,0.659,-0.172,11
805,WARDEN,2,,loathing,-0.518,-0.896,,-0.471,,20
808,WARDEN,2,grief,loathing,-0.471,-0.426,0.709,-0.786,-0.741,26
811,WARDEN,2,,loathing,0.226,-0.93,0.508,-0.008,0.898,40
814,WARDEN,2,,enthusiasm,0.034,,,0.546,-0.137,10
816,WARDEN,2,,dislike,0.172,-0.619,,0.269,0.28,20
818,WARDEN,2,ecstasy,delight,0.258,0.934,,-0.137,,8
820,WARDEN,2,,,0.254,0.175,0.253,0.184,,18
821,WARDEN,2,ecstasy,,0.97,0.97,,,,5
823,WARDEN,2,,,0.688,,,0.48,0.895,8
825,WARDEN,2,dislike,,-0.243,,,-0.243,,18
827,WARDEN,2,,,,,,,,6
828,WARDEN,2,,loathing,-0.086,-0.128,,-0.748,,7
832,WARDEN,2,,,,,,,,3
836,WARDEN,2,,,0.523,0.867,-0.928,0.768,0.053,17
848,WARDEN,2,,,,,,,,9
874,WARDEN,2,,,0.382,0.26,0.21,0.137,0.957,26
900,WARDEN,3,,,,,,,,6
902,WARDEN,3,ecstasy,delight,0.817,0.875,,0.759,,14
906,WARDEN,3,ecstasy,enthusiasm,0.868,0.991,,,0.745,7
913,WARDEN,3,,delight,0.86,0.928,0.858,0.796,,6
917,WARDEN,3,,,0.609,,,0.45,0.927,19
919,WARDEN,3,,bliss,0.822,0.876,0.789,,,6
921,WARDEN,3,,disgust,0.12,-0.924,,-0.373,0.889,8
923,WARDEN,3,ecstasy,calmness,0.683,0.991,0.376,,,2
925,WARDEN,3,ecstasy,,0.758,0.919,0.536,0.818,,20
927,WARDEN,3,,,,,,,,7
930,WARDEN,3,grief,loathing,-0.009,-0.462,0.442,-0.177,,50
932,WARDEN,3,terror,,-0.9,,,,-0.9,9
934,WARDEN,3,,,0.036,0.99,-0.06,-0.115,,27
936,WARDEN,3,ecstasy,,0.781,0.963,0.376,0.824,,8
938,WARDEN,3,,,0.186,0.029,0.161,0.169,,18
940,WARDEN,3,,,0.66,,0.364,0.716,0.636,12
942,WARDEN,3,,,0.247,0.005,0.255,0.027,0.815,14
944,WARDEN,3,,acceptance,0.132,0.108,0.42,-0.247,0.32,58
946,WARDEN,3,,,0.544,0.922,0.486,0.436,,14
948,WARDEN,3,,bliss,0.613,0.994,0.709,0.494,,10
950,WARDEN,3,serenity,,-0.108,-0.832,0.249,-0.177,-0.866,55
952,WARDEN,3,,delight,0.681,0.753,,0.703,,33
954,WARDEN,3,ecstasy,,0.871,0.988,0.709,,0.803,9
959,WARDEN,3,,bliss,0.715,0.987,0.781,0.546,,6
961,WARDEN,3,,terror,-0.281,-0.938,,0.307,-0.8,22
963,WARDEN,3,,loathing,-0.127,-0.118,,-0.474,,7
965,WARDEN,3,,,-0.007,,,-0.141,0.128,4
967,WARDEN,3,,,0.664,0.888,0.533,0.091,0.882,23
970,WARDEN,3,,acceptance,0.234,-0.112,0.228,0.06,0.957,25
973,WARDEN,3,fear,disgust,-0.452,,,-0.361,-0.542,4
975,WARDEN,3,,enthusiasm,0.814,0.908,,0.659,0.851,30
980,WARDEN,3,serenity,acceptance,0.159,,0.218,0.102,,9
982,WARDEN,3,ecstasy,bliss,0.851,0.994,0.709,,,6
985,WARDEN,3,ecstasy,,0.355,0.459,0.317,0.127,,31
987,WARDEN,3,,delight,-0.023,0.943,-0.89,0.746,,11
989,WARDEN,3,rage,,-0.89,,-0.89,,,7
991,WARDEN,3,ecstasy,delight,0.845,0.989,,0.701,,7
994,WARDEN,3,,,-0.35,-0.969,0.255,-0.344,,4
997,WARDEN,3,grief,loathing,-0.004,-0.173,,-0.051,0.834,62
999,WARDEN,3,,loathing,0.077,-0.896,,-0.709,0.957,4
1002,WARDEN,3,,terror,0.335,-0.844,0.834,,0.113,19
1004,WARDEN,3,,,,,,,,11
1006,WARDEN,3,,,,,,,,5
1010,WARDEN,3,,,,,,,,6
1012,WARDEN,3,ecstasy,calmness,0.683,0.991,0.376,,,2
1016,WARDEN,3,,,,,,,,13
1018,WARDEN,3,,delight,0.712,,0.931,0.684,,8
1020,WARDEN,3,,,0.065,0.201,0.282,0.017,,24
1022,WARDEN,3,,,0.305,0.014,0.709,-0.821,0.957,21
1024,WARDEN,3,pleasantness,,0.546,,,0.546,,2
1036,WARDEN,3,enthusiasm,,0.201,-0.17,0.395,-0.061,0.581,46
1038,WARDEN,3,,enthusiasm,-0.075,0.024,,,0.282,28
1041,WARDEN,3,grief,loathing,-0.053,-0.908,0.255,-0.385,0.851,34
1043,WARDEN,3,ecstasy,delight,0.839,0.861,,0.817,,12
1046,WARDEN,3,ecstasy,,0.327,0.332,0.216,0.185,0.736,34
1048,WARDEN,3,ecstasy,delight,0.253,0.312,0.436,0.168,0.183,71
1050,WARDEN,3,ecstasy,delight,0.2,0.225,-0.172,0.101,0.346,123
1052,WARDEN,3,ecstasy,delight,0.548,0.707,0.276,0.463,0.595,100
1054,WARDEN,3,,loathing,-0.313,-0.969,,-0.263,,9
1056,WARDEN,3,ecstasy,,0.061,0.038,0.633,-0.258,-0.138,111
1058,WARDEN,3,,acceptance,0.236,0.28,0.476,-0.007,0.349,58
1060,WARDEN,3,ecstasy,delight,0.776,0.835,,0.717,,7
1062,WARDEN,3,acceptance,,0.241,,,0.241,,7
1064,WARDEN,3,,,,,,,,2
1066,WARDEN,3,,,,,,,,2
1069,WARDEN,3,ecstasy,bliss,0.355,0.546,0.762,-0.14,0.814,35
1072,WARDEN,3,enthusiasm,,0.891,,,,0.891,16
1074,WARDEN,3,ecstasy,,0.857,0.857,,,,5
1076,WARDEN,3,,,,,,,,3
1079,WARDEN,3,ecstasy,bliss,0.81,0.876,0.745,,,9
1081,WARDEN,3,enthusiasm,,0.895,,,,0.895,9
1082,WARDEN,3,,,0.296,-0.003,,-0.006,0.895,15
1084,WARDEN,3,,,,,,,,2
1086,WARDEN,3,joy,pleasantness,0.66,0.66,,0.66,,14
1088,WARDEN,3,ecstasy,,0.54,0.549,0.617,0.441,0.684,139
1090,WARDEN,3,,,0.435,0.66,,0.416,0.927,22
1092,WARDEN,3,joy,,0.143,0.157,0.069,0.199,0.063,205
1094,WARDEN,3,grief,loathing,-0.802,-0.896,,-0.709,,4
1096,WARDEN,3,grief,loathing,-0.802,-0.896,,-0.709,,11
1098,WARDEN,3,delight,,0.837,,,0.837,,20
1100,WARDEN,3,grief,loathing,-0.264,-0.883,,-0.76,0.851,8
1102,WARDEN,3,acceptance,,0.261,,,0.261,,3
1104,WARDEN,3,serenity,acceptance,0.122,,0.202,0.042,,2
1110,WARDEN,3,annoyance,,-0.264,,-0.264,,,23
1112,WARDEN,3,grief,loathing,0.136,-0.295,0.545,-0.451,0.926,50
1114,WARDEN,3,ecstasy,calmness,0.683,0.991,0.376,,,2
1117,WARDEN,3,serenity,,0.542,0.876,0.413,0.433,0.927,27
1119,WARDEN,3,,,,,,,,9
1121,WARDEN,3,,enthusiasm,0.881,0.889,,,0.839,5
1123,WARDEN,3,,,,,,,,5
1125,WARDEN,3,,loathing,0.186,-0.869,,-0.133,0.851,20
1127,WARDEN,3,,delight,0.766,,,0.738,0.927,9
1129,WARDEN,3,,,,,,,,7
1131,WARDEN,3,grief,loathing,-0.374,-0.932,,-0.31,,22
1133,WARDEN,3,,,,,,,,5
1135,WARDEN,3,,,0.794,,0.632,,0.957,22
1137,WARDEN,3,,,,,,,,4
1139,WARDEN,3,,,,,,,,2
1141,WARDEN,3,,,,,,,,2
1143,WARDEN,3,,,,,,,,5
1145,WARDEN,3,,,,,,,,9
1147,WARDEN,3,,,,,,,,5
1149,WARDEN,3,ecstasy,enthusiasm,0.791,0.901,,,0.681,14
1150,WARDEN,3,,,-0.089,-0.923,0.341,-0.387,,12
1152,WARDEN,3,enthusiasm,delight,0.89,,,0.8,0.98,19
1154,WARDEN,3,ecstasy,calmness,0.683,0.991,0.376,,,2
1156,WARDEN,3,anxiety,,-0.172,,,,-0.172,12
1158,WARDEN,3,,,0.331,,,0.834,-0.172,15
1161,WARDEN,3,grief,loathing,-0.802,-0.896,,-0.709,,2
1163,WARDEN,3,fear,anxiety,-0.132,,,,-0.132,3
1167,WARDEN,3,enthusiasm,,0.859,,,,0.859,7
1169,WARDEN,3,grief,loathing,-0.802,-0.896,,-0.709,,2
1171,WARDEN,3,ecstasy,delight,0.775,0.888,,0.662,,15
1173,WARDEN,3,enthusiasm,,0.973,,,,0.973,5
1181,WARDEN,3,,enthusiasm,0.821,0.88,,,0.776,19
1187,WARDEN,3,,,0.711,,0.465,,0.957,6
1189,WARDEN,3,fear,,-0.441,,,,-0.441,5
1191,WARDEN,3,,,,,,,,6
1193,WARDEN,3,ecstasy,,0.249,0.902,0.202,-0.022,,8
1367,WARDEN,4,grief,loathing,-0.016,-0.283,,-0.194,0.067,15
1378,WARDEN,4,,bliss,0.34,0.994,0.709,,-0.172,22
1380,WARDEN,4,,,-0.36,-0.713,0.235,-0.324,,28
1390,WARDEN,4,sadness,disgust,-0.408,-0.448,,-0.369,,2
1392,WARDEN,4,,loathing,-0.047,-0.896,,-0.471,0.895,10
1394,WARDEN,4,ecstasy,calmness,0.683,0.991,0.376,,,2
1396,WARDEN,4,,,,,,,,2
1398,WARDEN,4,loathing,,-0.852,,,-0.852,,5
1400,WARDEN,4,serenity,,0.245,,0.249,0.241,,11
1402,WARDEN,4,ecstasy,delight,0.606,0.647,0.255,0.36,0.91,56
1404,WARDEN,4,,,0.41,0.573,0.285,0.318,0.039,51
1406,WARDEN,4,ecstasy,loathing,-0.113,0.278,-0.136,-0.086,-0.832,57
1408,WARDEN,4,,loathing,-0.272,-0.834,,-0.802,0.295,24
1410,WARDEN,4,serenity,acceptance,-0.071,,0.291,-0.099,-0.309,21
1412,WARDEN,4,enthusiasm,delight,0.301,0.226,0.233,0.364,0.322,77
1414,WARDEN,4,enthusiasm,delight,0.884,0.883,,0.795,0.894,17
1416,WARDEN,4,,,0.757,0.88,,0.702,0.801,12
1424,WARDEN,4,,acceptance,0.086,-0.24,-0.241,0.026,0.36,124
1433,WARDEN,4,,,,,,,,12
1454,WARDEN,4,serenity,acceptance,0.181,,0.279,0.082,,8
1456,WARDEN,4,serenity,acceptance,0.419,,0.279,0.082,0.895,11
1458,WARDEN,4,,,,,,,,7
1460,WARDEN,4,,,,,,,,5
1462,WARDEN,4,enthusiasm,,0.957,,,,0.957,5
1464,WARDEN,4,,,0.403,0.021,0.486,0.277,,28
1466,WARDEN,4,,,0.11,-0.078,0.745,-0.435,0.643,23
1468,WARDEN,4,,,0.729,0.911,,0.546,,8
1475,WARDEN,4,enthusiasm,,0.957,,,,0.957,17
1477,WARDEN,4,ecstasy,calmness,0.683,0.991,0.376,,,11
1479,WARDEN,4,bliss,,0.983,,0.983,,,5
1480,WARDEN,4,,,0.752,,,0.546,0.957,7
1482,WARDEN,4,pleasantness,,0.546,,,0.546,,3
1484,WARDEN,4,loathing,pleasantness,-0.442,,0.58,-0.481,,12
393,TROTTER,1,ecstasy,delight,0.821,0.887,,0.755,,4
395,TROTTER,1,ecstasy,delight,0.8,0.908,,0.708,0.856,13
398,TROTTER,1,,delight,0.738,0.887,,0.854,0.59,13
400,TROTTER,1,ecstasy,delight,0.44,0.648,0.469,0.306,0.065,95
403,TROTTER,1,rage,terror,-0.908,,-0.988,,-0.829,5
405,TROTTER,1,ecstasy,delight,0.783,0.924,,0.718,,39
412,TROTTER,1,ecstasy,delight,0.858,0.893,0.745,0.765,0.957,15
414,TROTTER,1,pleasantness,,0.495,,,0.495,,4
416,TROTTER,1,serenity,acceptance,0.169,,0.316,0.022,,5
418,TROTTER,1,,,0.021,0.013,,0.03,,6
423,TROTTER,1,,acceptance,0.592,0.66,0.205,0.092,0.968,11
433,TROTTER,1,ecstasy,calmness,0.683,0.991,0.376,,,11
437,TROTTER,1,ecstasy,delight,0.6,0.874,0.274,0.613,0.23,18
441,TROTTER,1,,,,,,,,2
443,TROTTER,1,enthusiasm,delight,0.794,,,0.719,0.87,3
445,TROTTER,1,enthusiasm,,0.341,-0.104,0.376,0.315,0.903,37
448,TROTTER,1,,acceptance,0.561,,0.202,0.521,,16
451,TROTTER,1,ecstasy,,0.873,0.873,,,,3
453,TROTTER,1,,,0.332,,,-0.231,0.895,14
487,TROTTER,1,ecstasy,bliss,0.801,0.896,0.707,,,8
514,TROTTER,1,ecstasy,enthusiasm,0.827,0.908,,,0.746,16
533,TROTTER,1,enthusiasm,,0.957,,,,0.957,8
535,TROTTER,1,enthusiasm,,0.927,,,,0.927,3
550,TROTTER,1,,,,,,,,2
569,TROTTER,1,grief,loathing,-0.871,-0.985,,-0.757,,2
613,TROTTER,2,ecstasy,bliss,0.408,0.521,0.569,0.592,,17
615,TROTTER,2,ecstasy,,0.431,0.351,0.675,0.795,0.899,23
620,TROTTER,2,ecstasy,,0.476,0.466,0.689,-0.807,0.735,18
624,TROTTER,2,,,0.613,0.598,,0.421,0.822,20
631,TROTTER,2,ecstasy,,0.767,0.992,0.542,,,13
662,TROTTER,2,,loathing,-0.375,-0.896,-0.162,-0.709,,5
677,TROTTER,2,ecstasy,delight,0.827,0.859,,0.795,,6
878,TROTTER,3,,,0.191,0.144,0.569,-0.198,0.381,32
880,TROTTER,3,enthusiasm,,0.957,,,,0.957,10
882,TROTTER,3,,enthusiasm,0.867,0.981,,0.842,0.803,6
884,TROTTER,3,ecstasy,,0.034,0.132,0.313,0.005,-0.086,44
886,TROTTER,3,acceptance,,0.322,,,0.322,,4
888,TROTTER,3,ecstasy,,0.303,0.305,0.216,0.113,0.362,42
890,TROTTER,3,enthusiasm,,0.957,,,,0.957,14
892,TROTTER,3,,,,,,,,2
894,TROTTER,3,ecstasy,delight,0.838,0.926,,0.749,,16
896,TROTTER,3,grief,loathing,-0.802,-0.896,,-0.709,,6
898,TROTTER,3,,,0.469,0.99,0.193,0.441,,26
904,TROTTER,3,,enthusiasm,0.865,0.969,,,0.799,9
909,TROTTER,3,ecstasy,bliss,0.81,0.876,0.745,,,7
912,TROTTER,3,,loathing,0.013,-0.966,,0.049,,11
914,TROTTER,3,acceptance,,0.243,,,0.025,0.895,12
920,TROTTER,3,,disgust,-0.16,-0.924,,-0.022,,8
929,TROTTER,3,,anxiety,0.068,0.466,-0.33,,,27
931,TROTTER,3,grief,loathing,-0.759,-0.834,,-0.684,,7
933,TROTTER,3,terror,loathing,-0.79,,,-0.741,-0.84,9
935,TROTTER,3,,,,,,,,18
937,TROTTER,3,ecstasy,delight,0.693,0.744,,0.569,,11
939,TROTTER,3,,,0.18,,,0.18,,23
941,TROTTER,3,,,,,,,,2
943,TROTTER,3,enthusiasm,delight,0.872,,,0.817,0.927,8
945,TROTTER,3,,acceptance,0.352,0.266,,0.297,,18
947,TROTTER,3,,,,,,,,5
949,TROTTER,3,,,0.777,,,0.659,0.895,21
951,TROTTER,3,ecstasy,delight,0.785,0.891,,0.711,0.895,31
953,TROTTER,3,ecstasy,,0.678,0.879,0.51,0.606,,28
956,TROTTER,3,,,0.369,0.991,0.269,-0.1,0.927,22
394,MISS SILLERTON,1,enthusiasm,pleasantness,0.539,-0.003,0.834,0.338,0.957,29
396,MISS SILLERTON,1,,delight,0.748,0.926,,0.704,,17
402,MISS SILLERTON,1,,delight,0.691,0.951,,0.633,,11
408,MISS SILLERTON,1,acceptance,,0.261,,,0.261,,3
410,MISS SILLERTON,1,,bliss,0.505,0.994,0.709,0.16,,11
415,MISS SILLERTON,1,,delight,0.475,0.845,,0.447,,7
420,MISS SILLERTON,1,,,,,,,,3
421,MISS SILLERTON,1,bliss,,0.834,,0.834,,,4
422,MISS SILLERTON,1,,,,,,,,4
435,MISS SILLERTON,1,,acceptance,0.565,,0.176,0.133,0.976,19
444,MISS SILLERTON,1,enthusiasm,,0.926,,,,0.926,15
449,MISS SILLERTON,1,serenity,acceptance,0.122,,0.202,0.042,,4
461,MISS SILLERTON,1,ecstasy,enthusiasm,0.848,0.888,,,0.807,12
463,MISS SILLERTON,1,ecstasy,,0.786,0.974,0.376,0.821,,11
465,MISS SILLERTON,1,ecstasy,,0.54,0.904,,0.187,0.848,19
482,MISS SILLERTON,1,ecstasy,delight,0.855,0.944,,0.766,,4
483,MISS SILLERTON,1,,,,,,,,1
494,MISS SILLERTON,1,,,,,,,,5
496,MISS SILLERTON,1,ecstasy,delight,0.87,0.938,,0.79,,13
498,MISS SILLERTON,1,,delight,0.861,0.862,,0.701,0.942,13
500,MISS SILLERTON,1,,,,,,,,7
502,MISS SILLERTON,1,serenity,acceptance,0.181,,0.279,0.082,,10
504,MISS SILLERTON,1,grief,loathing,-0.816,-0.853,,-0.778,,8
506,MISS SILLERTON,1,ecstasy,enthusiasm,0.857,0.974,,,0.74,11
508,MISS SILLERTON,1,,delight,0.852,0.862,0.834,0.701,0.942,16
512,MISS SILLERTON,1,enthusiasm,delight,0.895,,,0.819,0.972,2
519,MISS SILLERTON,1,,,,,,,,2
527,MISS SILLERTON,1,serenity,acceptance,0.181,,0.279,0.082,,10
529,MISS SILLERTON,1,,,,,,,,2
540,MISS SILLERTON,1,ecstasy,delight,0.845,0.943,,0.746,,12
542,MISS SILLERTON,1,,bliss,0.862,0.876,0.789,,0.942,15
546,MISS SILLERTON,1,acceptance,,0.261,,,0.261,,3
555,MISS SILLERTON,1,serenity,acceptance,0.122,,0.202,0.042,,2
574,MISS SILLERTON,1,,acceptance,0.534,,0.393,0.042,0.895,22
579,MISS SILLERTON,1,serenity,acceptance,0.122,,0.202,0.042,,2
601,MISS SILLERTON,2,,,,,,,,4
609,MISS SILLERTON,2,,,0.061,0.048,0.276,0.444,,10
612,MISS SILLERTON,2,,,-0.006,-0.012,,0.0,,16
617,MISS SILLERTON,2,loathing,,-0.977,,,-0.977,,6
743,MISS SILLERTON,2,,,0.422,0.457,0.219,0.711,0.873,20
746,MISS SILLERTON,2,dislike,delight,-0.017,0.032,,0.117,0.873,24
758,MISS SILLERTON,2,grief,loathing,-0.893,-0.966,,-0.821,,7
767,MISS SILLERTON,2,,,,,,,,3
397,MISS GODESBY,1,ecstasy,delight,0.339,0.514,0.315,0.54,,21
399,MISS GODESBY,1,ecstasy,bliss,0.398,0.937,0.486,-0.167,-0.903,56
401,MISS GODESBY,1,serenity,acceptance,0.388,,0.423,0.112,,15
404,MISS GODESBY,1,pleasantness,,0.546,,,0.546,,15
406,MISS GODESBY,1,ecstasy,delight,0.82,0.899,,0.741,,14
409,MISS GODESBY,1,,,0.719,,,0.546,0.891,36
411,MISS GODESBY,1,ecstasy,enthusiasm,0.849,0.916,0.821,,0.782,26
413,MISS GODESBY,1,ecstasy,bliss,0.546,0.94,0.484,0.26,0.743,47
417,MISS GODESBY,1,ecstasy,delight,0.365,0.291,0.479,0.218,0.914,35
419,MISS GODESBY,1,enthusiasm,,0.508,0.542,0.463,0.073,0.79,121
425,MISS GODESBY,1,,,0.242,-0.13,-0.704,0.567,0.873,24
429,MISS GODESBY,1,,,0.246,0.003,0.339,-0.239,0.891,15
431,MISS GODESBY,1,,delight,0.887,0.997,,0.763,0.895,12
440,MISS GODESBY,1,,delight,0.161,0.956,,0.144,,15
442,MISS GODESBY,1,grief,loathing,-0.823,-0.896,,-0.749,,11
450,MISS GODESBY,1,grief,loathing,-0.816,-0.853,,-0.778,,12
452,MISS GODESBY,1,,,,,,,,7
455,MISS GODESBY,1,,,,,,,,5
458,MISS GODESBY,1,,,,,,,,5
459,MISS GODESBY,1,,,,,,,,4
468,MISS GODESBY,1,ecstasy,bliss,0.421,0.35,0.603,-0.795,0.895,19
470,MISS GODESBY,1,,bliss,0.481,0.896,0.707,0.16,,24
472,MISS GODESBY,1,,,0.29,-0.035,0.745,0.075,,19
488,MISS GODESBY,1,annoyance,sadness,-0.303,-0.34,-0.267,,,3
489,MISS GODESBY,1,ecstasy,,0.735,0.882,0.745,0.546,0.807,20
491,MISS GODESBY,1,ecstasy,,0.164,0.304,0.376,-0.452,0.895,26
493,MISS GODESBY,1,acceptance,,0.261,,,0.261,,11
497,MISS GODESBY,1,enthusiasm,,0.927,,,,0.927,3
503,MISS GODESBY,1,,,,,,,,12
505,MISS GODESBY,1,terror,loathing,-0.888,,,-0.819,-0.957,5
513,MISS GODESBY,1,delight,,0.919,,,0.919,,2
515,MISS GODESBY,1,enthusiasm,,0.889,,,,0.889,6
520,MISS GODESBY,1,,,,,,,,2
522,MISS GODESBY,1,enthusiasm,delight,0.421,,,0.802,0.434,11
524,MISS GODESBY,1,,,,,,,,6
528,MISS GODESBY,1,rage,loathing,-0.828,,-0.93,-0.726,,5
530,MISS GODESBY,1,,,0.098,0.613,0.255,-0.374,-0.868,24
532,MISS GODESBY,1,,,,,,,,8
534,MISS GODESBY,1,,,0.517,0.922,0.253,0.446,,6
538,MISS GODESBY,1,anger,disgust,-0.45,,-0.505,-0.395,,7
541,MISS GODESBY,1,ecstasy,enthusiasm,0.429,0.46,,0.092,0.801,49
549,MISS GODESBY,1,,,0.289,,,-0.029,0.927,16
551,MISS GODESBY,1,,,,,,,,10
553,MISS GODESBY,1,,,0.027,-0.436,,,0.258,15
558,MISS GODESBY,1,enthusiasm,,0.957,,,,0.957,15
560,MISS GODESBY,1,serenity,acceptance,0.122,,0.202,0.042,,2
562,MISS GODESBY,1,serenity,acceptance,0.122,,0.202,0.042,,4
564,MISS GODESBY,1,,,0.466,0.876,0.474,0.042,,20
567,MISS GODESBY,1,,,-0.352,-0.948,0.202,-0.331,,5
570,MISS GODESBY,1,loathing,,-0.877,,,-0.877,,3
572,MISS GODESBY,1,,fear,-0.55,,-0.66,,-0.55,14
576,MISS GODESBY,1,enthusiasm,,0.942,,,,0.942,11
578,MISS GODESBY,1,grief,,-0.924,-0.924,,,,8
602,MISS GODESBY,2,ecstasy,delight,0.85,0.91,,0.758,0.849,12
604,MISS GODESBY,2,,loathing,-0.312,0.238,,-0.794,-0.931,9
608,MISS GODESBY,2,serenity,pleasantness,0.345,,0.29,0.399,,9
626,MISS GODESBY,2,,,0.043,-0.436,-0.857,0.213,0.847,10
629,MISS GODESBY,2,,,0.001,-0.847,,-0.013,0.873,7
645,MISS GODESBY,2,,,0.204,-0.547,0.937,-0.065,0.992,14
752,MISS GODESBY,2,,,,,,,,11
753,MISS GODESBY,2,ecstasy,delight,0.887,0.99,,0.784,,7
755,MISS GODESBY,2,,acceptance,0.273,0.312,,0.233,,7
762,MISS GODESBY,2,,delight,0.241,0.863,-0.974,0.742,0.895,19
764,MISS GODESBY,2,ecstasy,,0.404,0.426,0.669,0.271,0.294,41
766,MISS GODESBY,2,,,,,,,,8
771,MISS GODESBY,2,pleasantness,,0.286,0.035,0.183,0.13,0.329,33
774,MISS GODESBY,2,,delight,0.177,-0.013,,0.363,0.025,24
960,MISS GODESBY,3,pleasantness,,0.546,,,0.546,,3
964,MISS GODESBY,3,,,,,,,,5
968,MISS GODESBY,3,,,,,,,,2
971,MISS GODESBY,3,rage,,-0.911,,-0.911,,,6
977,MISS GODESBY,3,acceptance,,0.329,,,0.329,,4
979,MISS GODESBY,3,,,0.119,0.876,0.528,-0.188,-0.84,15
981,MISS GODESBY,3,,,,,,,,5
984,MISS GODESBY,3,,,,,,,,2
986,MISS GODESBY,3,enthusiasm,delight,0.792,,,0.711,0.873,12
988,MISS GODESBY,3,anger,disgust,-0.406,,-0.44,-0.373,,10
990,MISS GODESBY,3,enthusiasm,loathing,0.457,-0.012,,-0.709,0.878,21
992,MISS GODESBY,3,ecstasy,,0.308,0.083,0.37,0.2,0.279,43
995,MISS GODESBY,3,ecstasy,,0.764,0.99,0.376,0.703,,11
996,MISS GODESBY,3,,,0.322,-0.026,,0.035,0.957,12
1000,MISS GODESBY,3,,,,,,,,2
1008,MISS GODESBY,3,,,,,,,,4
1014,MISS GODESBY,3,,,,,,,,2
1025,MISS GODESBY,3,grief,loathing,-0.29,-0.274,0.481,-0.542,-0.878,24
1027,MISS GODESBY,3,ecstasy,,0.138,0.21,0.187,0.105,-0.245,52
1029,MISS GODESBY,3,ecstasy,delight,0.634,0.964,0.269,0.45,0.953,57
1031,MISS GODESBY,3,grief,loathing,-0.255,-0.887,,-0.175,,26
1034,MISS GODESBY,3,,delight,0.818,,0.842,0.694,0.893,15
1035,MISS GODESBY,3,,,-0.338,-0.916,,-0.252,0.067,10
1040,MISS GODESBY,3,ecstasy,,0.461,0.325,,0.153,0.957,33
1042,MISS GODESBY,3,,,,,,,,2
1044,MISS GODESBY,3,ecstasy,delight,0.101,0.273,0.125,-0.128,0.196,158
1049,MISS GODESBY,3,,,-0.183,-0.156,0.667,-0.379,-0.399,30
1051,MISS GODESBY,3,ecstasy,,0.073,0.224,0.084,-0.697,0.758,25
1053,MISS GODESBY,3,,loathing,-0.234,,,-0.208,-0.85,10
1055,MISS GODESBY,3,,,,,,,,7
1057,MISS GODESBY,3,grief,rage,-0.009,-0.303,-0.704,0.659,,15
1059,MISS GODESBY,3,grief,loathing,-0.122,-0.3,0.709,-0.371,,23
1061,MISS GODESBY,3,,,,,,,,7
1063,MISS GODESBY,3,ecstasy,,0.038,0.073,0.709,-0.044,,20
1065,MISS GODESBY,3,ecstasy,calmness,0.683,0.991,0.376,,,2
1067,MISS GODESBY,3,,,,,,,,6
1071,MISS GODESBY,3,,calmness,0.82,0.991,0.376,,0.957,7
1073,MISS GODESBY,3,ecstasy,enthusiasm,0.892,0.981,,,0.803,2
1075,MISS GODESBY,3,,,,,,,,6
1077,MISS GODESBY,3,ecstasy,delight,0.845,0.943,,0.746,,7
1078,MISS GODESBY,3,,,0.004,-0.01,0.745,-0.709,,9
1080,MISS GODESBY,3,,,-0.222,-0.952,0.064,-0.57,,18
1083,MISS GODESBY,3,,,-0.071,-0.118,,-0.024,,9
1085,MISS GODESBY,3,,enthusiasm,-0.166,0.222,,-0.852,0.699,20
1087,MISS GODESBY,3,,loathing,-0.51,-0.851,,-0.477,,11
1089,MISS GODESBY,3,,,,,,,,6
1091,MISS GODESBY,3,,,,,,,,8
1093,MISS GODESBY,3,ecstasy,calmness,0.683,0.991,0.376,,,7
1095,MISS GODESBY,3,sadness,anger,-0.659,-0.66,-0.66,-0.659,-0.659,4
1097,MISS GODESBY,3,grief,,0.112,-0.211,0.745,0.004,0.927,24
1101,MISS GODESBY,3,,,-0.057,0.066,0.376,-0.737,,11
1103,MISS GODESBY,3,serenity,acceptance,0.122,,0.202,0.042,,2
1106,MISS GODESBY,3,contentment,acceptance,-0.108,-0.174,,-0.004,0.091,30
1362,MISS GODESBY,4,,,0.376,,,0.423,0.329,12
1364,MISS GODESBY,4,serenity,acceptance,0.095,,0.161,0.028,,7
1366,MISS GODESBY,4,grief,loathing,0.005,-0.202,0.427,-0.324,0.317,90
1369,MISS GODESBY,4,grief,,-0.516,-0.878,-0.33,-0.357,-0.768,25
1371,MISS GODESBY,4,grief,loathing,-0.124,-0.189,-0.505,-0.142,-0.06,45
1373,MISS GODESBY,4,,,,,,,,7
1375,MISS GODESBY,4,enthusiasm,delight,0.821,,,0.728,0.914,7
1377,MISS GODESBY,4,,,,,,,,8
1381,MISS GODESBY,4,,loathing,-0.104,0.022,0.019,-0.27,,92
1383,MISS GODESBY,4,grief,loathing,-0.127,-0.395,-0.337,-0.312,0.408,54
1385,MISS GODESBY,4,ecstasy,delight,0.871,0.96,0.709,0.821,,27
1387,MISS GODESBY,4,,,0.5,0.933,0.512,0.042,,16
625,DR. STEINHART,2,ecstasy,,0.781,0.974,0.563,0.852,,12
632,DR. STEINHART,2,,,,,,,,4
666,DR. STEINHART,2,,loathing,-0.657,-0.867,,-0.749,-0.506,6
670,DR. STEINHART,2,ecstasy,,0.021,0.334,,-0.821,-0.048,17
1300,DR. STEINHART,4,,loathing,-0.128,-0.896,,-0.081,,5
1302,DR. STEINHART,4,,bliss,0.341,0.987,0.781,-0.203,,18
1304,DR. STEINHART,4,,enthusiasm,-0.086,0.888,-0.877,-0.228,0.807,22
1306,DR. STEINHART,4,ecstasy,delight,0.242,0.306,,0.179,,20
1308,DR. STEINHART,4,,,,,,,,4
1310,DR. STEINHART,4,,loathing,-0.722,-0.635,,-0.808,,8
1312,DR. STEINHART,4,,,0.244,0.889,,-0.209,0.957,17
1314,DR. STEINHART,4,grief,rage,-0.297,-0.265,-0.825,0.662,,31
1316,DR. STEINHART,4,enthusiasm,loathing,0.386,-0.843,,-0.09,0.891,28
1318,DR. STEINHART,4,grief,loathing,-0.795,-0.859,,-0.732,-0.856,12
1320,DR. STEINHART,4,ecstasy,delight,0.489,0.923,,0.241,,21
1322,DR. STEINHART,4,ecstasy,delight,0.475,0.422,,0.251,0.867,46
637,ALL THE MEN,2,grief,loathing,-0.202,-0.524,,-0.287,,7
718,ALL THE MEN,2,,,,,,,,7
651,FIRST FOOTMAN,2,terror,loathing,-0.784,,,-0.696,-0.873,6
658,FIRST FOOTMAN,2,ecstasy,,0.855,0.889,0.745,,0.856,16
958,GODESBY,3,grief,loathing,-0.786,-0.851,,-0.721,,4
962,GODESBY,3,,,,,,,,4
966,GODESBY,3,,,,,,,,4
969,GODESBY,3,enthusiasm,,0.895,,,,0.895,6
972,GODESBY,3,grief,loathing,-0.802,-0.896,,-0.709,,10
974,GODESBY,3,joy,,0.66,0.66,,,,5
976,GODESBY,3,,,,,,,,4
978,GODESBY,3,dislike,,-0.233,,,-0.233,,10
983,GODESBY,3,,,,,,,,2
993,GODESBY,3,,delight,0.537,0.922,,0.747,0.24,11
1001,GODESBY,3,pleasantness,,0.546,,,0.546,,4
1007,GODESBY,3,,,,,,,,6
1015,GODESBY,3,calmness,,0.479,,0.479,,,11
1026,GODESBY,3,grief,,-0.208,-0.914,0.253,-0.006,-0.035,26
1028,GODESBY,3,,,,,,,,8
1037,GODESBY,3,,loathing,-0.128,-0.896,,-0.081,,14
1039,GODESBY,3,enthusiasm,delight,0.792,,,0.711,0.873,6
1045,GODESBY,3,pleasantness,,0.546,,,0.546,,6
1047,GODESBY,3,serenity,acceptance,0.356,0.88,0.212,0.064,0.705,13
1068,GODESBY,3,ecstasy,enthusiasm,0.827,0.908,,,0.746,6
1070,GODESBY,3,,delight,0.292,0.928,,0.26,,10
1099,GODESBY,3,enthusiasm,,0.891,,,,0.891,2
1105,GODESBY,3,,,,,,,,7
1107,SERVANT,3,ecstasy,,0.216,0.324,0.376,-0.721,0.668,7
1108,SERVANT,3,grief,loathing,-0.252,-0.303,,-0.2,,15
1109,SERVANT,3,ecstasy,delight,0.86,0.914,,0.748,0.839,22
1111,SERVANT,3,ecstasy,calmness,0.683,0.991,0.376,,,4
1113,SERVANT,3,,,,,,,,2
1115,SERVANT,3,ecstasy,calmness,0.683,0.991,0.376,,,4
1471,RICHARD,4,ecstasy,,0.863,0.932,0.754,0.721,,5
1473,RICHARD,4,ecstasy,,0.863,0.932,0.754,0.721,,5
